{
    "type": "FeatureCollection",
    "name": "buildings_fixed_g42_g48",
    "crs": {
        "type": "name",
        "properties": {
            "name": "urn:ogc:def:crs:OGC:1.3:CRS84"
        }
    },
    "features": [
        {
            "type": "Feature",
            "properties": {
                "id": null,
                "AOG": null,
                "GFK": null,
                "WGF": null,
                "area_planning_type": "unknown land use type",
                "building_height": 15.5,
                "building_id": "G01",
                "elevation_at_bottom": 5,
                "floor_area": 4672.78,
                "land_use_detailed_type": "to be defined",
                "land_use_suggested": "- to be defined -",
                "number_of_stories": 1,
                "city_scope_id": "B-01"
            },
            "geometry": {
                "type": "Polygon",
                "coordinates": [
                    [
                        [
                            10.009500153374908,
                            53.534299478550714,
                            0
                        ],
                        [
                            10.009340416560509,
                            53.53431996465495,
                            0
                        ],
                        [
                            10.009340416560091,
                            53.53431996465501,
                            0
                        ],
                        [
                            10.009340416559487,
                            53.53431996465506,
                            0
                        ],
                        [
                            10.008949580821511,
                            53.53437010492832,
                            0
                        ],
                        [
                            10.008949580821334,
                            53.534370104928335,
                            0
                        ],
                        [
                            10.008789843466472,
                            53.53439059029925,
                            0
                        ],
                        [
                            10.008789843466054,
                            53.53439059029933,
                            0
                        ],
                        [
                            10.008789843465449,
                            53.53439059029938,
                            0
                        ],
                        [
                            10.008399006404282,
                            53.53444072877845,
                            0
                        ],
                        [
                            10.008399006404055,
                            53.53444072877849,
                            0
                        ],
                        [
                            10.00839900640397,
                            53.5344407287785,
                            0
                        ],
                        [
                            10.008239268720718,
                            53.534461222403486,
                            0
                        ],
                        [
                            10.008239268720716,
                            53.534461222403486,
                            0
                        ],
                        [
                            10.007944282034346,
                            53.53449905418758,
                            0
                        ],
                        [
                            10.007944280603908,
                            53.5344990544153,
                            0
                        ],
                        [
                            10.007944279217826,
                            53.53449905472547,
                            0
                        ],
                        [
                            10.007944277889449,
                            53.53449905511508,
                            0
                        ],
                        [
                            10.007944276631576,
                            53.534499055580376,
                            0
                        ],
                        [
                            10.00794427545632,
                            53.534499056116914,
                            0
                        ],
                        [
                            10.007944274374998,
                            53.53449905671947,
                            0
                        ],
                        [
                            10.007944273398024,
                            53.53449905738229,
                            0
                        ],
                        [
                            10.007944272534814,
                            53.53449905809896,
                            0
                        ],
                        [
                            10.007944271793674,
                            53.5344990588626,
                            0
                        ],
                        [
                            10.00794427118175,
                            53.53449905966582,
                            0
                        ],
                        [
                            10.007944270704929,
                            53.534499060500934,
                            0
                        ],
                        [
                            10.007944270367807,
                            53.534499061359845,
                            0
                        ],
                        [
                            10.00794427017363,
                            53.534499062234325,
                            0
                        ],
                        [
                            10.007944270124266,
                            53.534499063115916,
                            0
                        ],
                        [
                            10.007944270220197,
                            53.534499063996165,
                            0
                        ],
                        [
                            10.007944270460493,
                            53.53449906486655,
                            0
                        ],
                        [
                            10.008056704929041,
                            53.53481011718193,
                            0
                        ],
                        [
                            10.008056705311363,
                            53.534810118034045,
                            0
                        ],
                        [
                            10.00805670583204,
                            53.534810118859745,
                            0
                        ],
                        [
                            10.008056706486055,
                            53.534810119651056,
                            0
                        ],
                        [
                            10.008056707267109,
                            53.534810120400365,
                            0
                        ],
                        [
                            10.008056708167683,
                            53.534810121100456,
                            0
                        ],
                        [
                            10.008056709179103,
                            53.53481012174459,
                            0
                        ],
                        [
                            10.008056710291628,
                            53.53481012232657,
                            0
                        ],
                        [
                            10.008056711494548,
                            53.53481012284079,
                            0
                        ],
                        [
                            10.008056712776273,
                            53.53481012328226,
                            0
                        ],
                        [
                            10.008056714124464,
                            53.53481012364681,
                            0
                        ],
                        [
                            10.008056715526136,
                            53.534810123930846,
                            0
                        ],
                        [
                            10.008056716967792,
                            53.53481012413168,
                            0
                        ],
                        [
                            10.008056718435547,
                            53.53481012424736,
                            0
                        ],
                        [
                            10.008056719915269,
                            53.53481012427679,
                            0
                        ],
                        [
                            10.008056721392704,
                            53.53481012421966,
                            0
                        ],
                        [
                            10.00805672285363,
                            53.534810124076536,
                            0
                        ],
                        [
                            10.01000342708367,
                            53.53456040461893,
                            0
                        ],
                        [
                            10.010003428514008,
                            53.53456040439116,
                            0
                        ],
                        [
                            10.010003429899985,
                            53.53456040408097,
                            0
                        ],
                        [
                            10.01000343122825,
                            53.53456040369135,
                            0
                        ],
                        [
                            10.010003432486023,
                            53.53456040322604,
                            0
                        ],
                        [
                            10.010003433661181,
                            53.53456040268952,
                            0
                        ],
                        [
                            10.01000343474241,
                            53.534560402086974,
                            0
                        ],
                        [
                            10.010003435719296,
                            53.53456040142417,
                            0
                        ],
                        [
                            10.010003436582435,
                            53.53456040070753,
                            0
                        ],
                        [
                            10.010003437323512,
                            53.53456039994393,
                            0
                        ],
                        [
                            10.010003437935389,
                            53.53456039914073,
                            0
                        ],
                        [
                            10.010003438412177,
                            53.53456039830569,
                            0
                        ],
                        [
                            10.010003438749283,
                            53.5345603974468,
                            0
                        ],
                        [
                            10.01000343894346,
                            53.53456039657239,
                            0
                        ],
                        [
                            10.010003438992834,
                            53.53456039569084,
                            0
                        ],
                        [
                            10.010003438896938,
                            53.53456039481064,
                            0
                        ],
                        [
                            10.01000343865669,
                            53.5345603939403,
                            0
                        ],
                        [
                            10.009891020799994,
                            53.53424934325069,
                            0
                        ],
                        [
                            10.009891020417697,
                            53.534249342398525,
                            0
                        ],
                        [
                            10.009891019897038,
                            53.534249341572796,
                            0
                        ],
                        [
                            10.009891019243033,
                            53.53424934078144,
                            0
                        ],
                        [
                            10.009891018461976,
                            53.53424934003209,
                            0
                        ],
                        [
                            10.009891017561392,
                            53.53424933933196,
                            0
                        ],
                        [
                            10.009891016549954,
                            53.534249338687815,
                            0
                        ],
                        [
                            10.009891015437402,
                            53.53424933810579,
                            0
                        ],
                        [
                            10.009891014234451,
                            53.534249337591575,
                            0
                        ],
                        [
                            10.009891012952687,
                            53.534249337150044,
                            0
                        ],
                        [
                            10.009891011604456,
                            53.53424933678553,
                            0
                        ],
                        [
                            10.009891010202738,
                            53.534249336501475,
                            0
                        ],
                        [
                            10.00989100876104,
                            53.53424933630065,
                            0
                        ],
                        [
                            10.009891007293238,
                            53.53424933618497,
                            0
                        ],
                        [
                            10.009891005813477,
                            53.53424933615559,
                            0
                        ],
                        [
                            10.009891004336003,
                            53.53424933621273,
                            0
                        ],
                        [
                            10.00989100287505,
                            53.534249336355884,
                            0
                        ],
                        [
                            10.009500153374939,
                            53.5342994785507,
                            0
                        ],
                        [
                            10.009500153374908,
                            53.534299478550714,
                            0
                        ]
                    ]
                ]
            }
        },
        {
            "type": "Feature",
            "properties": {
                "id": null,
                "AOG": null,
                "GFK": null,
                "WGF": null,
                "area_planning_type": "unknown land use type",
                "building_height": 37.9,
                "building_id": "G02A",
                "elevation_at_bottom": 7.5,
                "floor_area": 575.75,
                "land_use_detailed_type": "to be defined",
                "land_use_suggested": "- to be defined -",
                "number_of_stories": 9,
                "city_scope_id": "B-02-A"
            },
            "geometry": {
                "type": "Polygon",
                "coordinates": [
                    [
                        [
                            10.010135077325785,
                            53.53428996344387,
                            7.5
                        ],
                        [
                            10.010198041630048,
                            53.53442879742228,
                            7.5
                        ],
                        [
                            10.01025221274491,
                            53.534420069851045,
                            7.5
                        ],
                        [
                            10.010287628555801,
                            53.534498163946644,
                            7.5
                        ],
                        [
                            10.010532121096947,
                            53.53445881148264,
                            7.5
                        ],
                        [
                            10.010496704870889,
                            53.53438071746085,
                            7.5
                        ],
                        [
                            10.010607662703439,
                            53.5343628623765,
                            7.5
                        ],
                        [
                            10.010556512598086,
                            53.53425005987096,
                            7.5
                        ],
                        [
                            10.010433620678754,
                            53.534269840528886,
                            7.5
                        ],
                        [
                            10.010421820398216,
                            53.534243809136086,
                            7.5
                        ],
                        [
                            10.010135077325785,
                            53.53428996344387,
                            7.5
                        ]
                    ]
                ]
            }
        },
        {
            "type": "Feature",
            "properties": {
                "id": null,
                "AOG": null,
                "GFK": null,
                "WGF": null,
                "area_planning_type": "unknown land use type",
                "building_height": 41.1,
                "building_id": "G02B",
                "elevation_at_bottom": 7.5,
                "floor_area": 448.91,
                "land_use_detailed_type": "to be defined",
                "land_use_suggested": "- to be defined -",
                "number_of_stories": 9,
                "city_scope_id": "B-02-B"
            },
            "geometry": {
                "type": "Polygon",
                "coordinates": [
                    [
                        [
                            10.010607662703439,
                            53.5343628623765,
                            7.5
                        ],
                        [
                            10.01066186403251,
                            53.534354143352566,
                            7.5
                        ],
                        [
                            10.010697280325003,
                            53.53443222833725,
                            7.5
                        ],
                        [
                            10.010886143012927,
                            53.534401830985544,
                            7.5
                        ],
                        [
                            10.010850726185708,
                            53.534323737070665,
                            7.5
                        ],
                        [
                            10.010928089881013,
                            53.534311289426036,
                            7.5
                        ],
                        [
                            10.010865138458243,
                            53.53417245571208,
                            7.5
                        ],
                        [
                            10.010640834116975,
                            53.53420855500037,
                            7.5
                        ],
                        [
                            10.010652649606856,
                            53.534234586243635,
                            7.5
                        ],
                        [
                            10.010556512598086,
                            53.53425005987096,
                            7.5
                        ],
                        [
                            10.010607662703439,
                            53.5343628623765,
                            7.5
                        ]
                    ]
                ]
            }
        },
        {
            "type": "Feature",
            "properties": {
                "id": null,
                "AOG": null,
                "GFK": null,
                "WGF": null,
                "area_planning_type": "unknown land use type",
                "building_height": 41.1,
                "building_id": "G02C",
                "elevation_at_bottom": 7.5,
                "floor_area": 448.9,
                "land_use_detailed_type": "to be defined",
                "land_use_suggested": "- to be defined -",
                "number_of_stories": 9,
                "city_scope_id": "B-02-C"
            },
            "geometry": {
                "type": "Polygon",
                "coordinates": [
                    [
                        [
                            10.010928089881013,
                            53.534311289426036,
                            7.5
                        ],
                        [
                            10.010982291076635,
                            53.53430257025741,
                            7.5
                        ],
                        [
                            10.01101770791317,
                            53.53438065514532,
                            7.5
                        ],
                        [
                            10.011206570135961,
                            53.53435025728936,
                            7.5
                        ],
                        [
                            10.011171152764634,
                            53.534272163471265,
                            7.5
                        ],
                        [
                            10.011248516269434,
                            53.53425971562008,
                            7.5
                        ],
                        [
                            10.011197364592201,
                            53.534146913394075,
                            7.5
                        ],
                        [
                            10.011101243071277,
                            53.53416238733018,
                            7.5
                        ],
                        [
                            10.011089427327503,
                            53.534136356132116,
                            7.5
                        ],
                        [
                            10.010865138458243,
                            53.53417245571208,
                            7.5
                        ],
                        [
                            10.010928089881013,
                            53.534311289426036,
                            7.5
                        ]
                    ]
                ]
            }
        },
        {
            "type": "Feature",
            "properties": {
                "id": null,
                "AOG": null,
                "GFK": null,
                "WGF": null,
                "area_planning_type": "unknown land use type",
                "building_height": 37.9,
                "building_id": "G02D",
                "elevation_at_bottom": 7.5,
                "floor_area": 575.76,
                "land_use_detailed_type": "to be defined",
                "land_use_suggested": "- to be defined -",
                "number_of_stories": 9,
                "city_scope_id": "B-02-D"
            },
            "geometry": {
                "type": "Polygon",
                "coordinates": [
                    [
                        [
                            10.011248516269434,
                            53.53425971562008,
                            7.5
                        ],
                        [
                            10.011302702246228,
                            53.53425099643432,
                            7.5
                        ],
                        [
                            10.011338104755536,
                            53.53432909034027,
                            7.5
                        ],
                        [
                            10.011582595322608,
                            53.53428973573628,
                            7.5
                        ],
                        [
                            10.011547177312767,
                            53.53421164203174,
                            7.5
                        ],
                        [
                            10.011658149334883,
                            53.534193785848565,
                            7.5
                        ],
                        [
                            10.011595195708196,
                            53.53405495252651,
                            7.5
                        ],
                        [
                            10.011308455007706,
                            53.534101100650524,
                            7.5
                        ],
                        [
                            10.011320255790116,
                            53.534127131954094,
                            7.5
                        ],
                        [
                            10.011197364592201,
                            53.534146913394075,
                            7.5
                        ],
                        [
                            10.011248516269434,
                            53.53425971562008,
                            7.5
                        ]
                    ]
                ]
            }
        },
        {
            "type": "Feature",
            "properties": {
                "id": null,
                "AOG": null,
                "GFK": null,
                "WGF": null,
                "area_planning_type": "unknown land use type",
                "building_height": 60.3,
                "building_id": "G03",
                "elevation_at_bottom": 5,
                "floor_area": 960.14,
                "land_use_detailed_type": "to be defined",
                "land_use_suggested": "- to be defined -",
                "number_of_stories": 16,
                "city_scope_id": "B-03"
            },
            "geometry": {
                "type": "Polygon",
                "coordinates": [
                    [
                        [
                            10.011710662721697,
                            53.5340328068205,
                            0
                        ],
                        [
                            10.011710661330957,
                            53.53403280712301,
                            0
                        ],
                        [
                            10.011710659996684,
                            53.53403280750528,
                            0
                        ],
                        [
                            10.011710658731728,
                            53.53403280796363,
                            0
                        ],
                        [
                            10.011710657548273,
                            53.534032808493635,
                            0
                        ],
                        [
                            10.011710656457714,
                            53.53403280909019,
                            0
                        ],
                        [
                            10.011710655470555,
                            53.53403280974756,
                            0
                        ],
                        [
                            10.011710654596301,
                            53.534032810459415,
                            0
                        ],
                        [
                            10.011710653843375,
                            53.53403281121889,
                            0
                        ],
                        [
                            10.011710653219025,
                            53.534032812018665,
                            0
                        ],
                        [
                            10.011710652729262,
                            53.53403281285105,
                            0
                        ],
                        [
                            10.011710652378806,
                            53.53403281370804,
                            0
                        ],
                        [
                            10.01171065217103,
                            53.53403281458136,
                            0
                        ],
                        [
                            10.01171065210794,
                            53.5340328154626,
                            0
                        ],
                        [
                            10.011710652190137,
                            53.534032816343284,
                            0
                        ],
                        [
                            10.011710652416834,
                            53.534032817214936,
                            0
                        ],
                        [
                            10.011710652785844,
                            53.53403281806914,
                            0
                        ],
                        [
                            10.011782217019443,
                            53.53417016719571,
                            0
                        ],
                        [
                            10.011782217019604,
                            53.534170167195974,
                            0
                        ],
                        [
                            10.011782217019727,
                            53.53417016719625,
                            0
                        ],
                        [
                            10.011844847288522,
                            53.53429034192978,
                            0
                        ],
                        [
                            10.011844847796374,
                            53.53429034275829,
                            0
                        ],
                        [
                            10.011844848438084,
                            53.53429034355315,
                            0
                        ],
                        [
                            10.011844849207474,
                            53.53429034430672,
                            0
                        ],
                        [
                            10.011844850097138,
                            53.534290345011726,
                            0
                        ],
                        [
                            10.011844851098504,
                            53.53429034566138,
                            0
                        ],
                        [
                            10.01184485220193,
                            53.534290346249456,
                            0
                        ],
                        [
                            10.011844853396793,
                            53.534290346770256,
                            0
                        ],
                        [
                            10.011844854671585,
                            53.534290347218786,
                            0
                        ],
                        [
                            10.011844856014031,
                            53.534290347590705,
                            0
                        ],
                        [
                            10.011844857411202,
                            53.53429034788245,
                            0
                        ],
                        [
                            10.011844858849642,
                            53.53429034809121,
                            0
                        ],
                        [
                            10.011844860315502,
                            53.534290348214974,
                            0
                        ],
                        [
                            10.011844861794666,
                            53.53429034825254,
                            0
                        ],
                        [
                            10.011844863272888,
                            53.53429034820356,
                            0
                        ],
                        [
                            10.011844864735933,
                            53.53429034806849,
                            0
                        ],
                        [
                            10.011844866169712,
                            53.53429034784863,
                            0
                        ],
                        [
                            10.012305941400285,
                            53.534205076605716,
                            0
                        ],
                        [
                            10.012305942791084,
                            53.53420507630318,
                            0
                        ],
                        [
                            10.012305944125405,
                            53.53420507592088,
                            0
                        ],
                        [
                            10.012305945390404,
                            53.5342050754625,
                            0
                        ],
                        [
                            10.01230594657389,
                            53.53420507493248,
                            0
                        ],
                        [
                            10.012305947664474,
                            53.53420507433585,
                            0
                        ],
                        [
                            10.012305948651644,
                            53.53420507367844,
                            0
                        ],
                        [
                            10.012305949525894,
                            53.53420507296654,
                            0
                        ],
                        [
                            10.012305950278806,
                            53.53420507220704,
                            0
                        ],
                        [
                            10.01230595090313,
                            53.53420507140719,
                            0
                        ],
                        [
                            10.012305951392847,
                            53.53420507057477,
                            0
                        ],
                        [
                            10.012305951743244,
                            53.53420506971774,
                            0
                        ],
                        [
                            10.012305951950948,
                            53.53420506884438,
                            0
                        ],
                        [
                            10.012305952013957,
                            53.534205067963086,
                            0
                        ],
                        [
                            10.012305951931664,
                            53.534205067082375,
                            0
                        ],
                        [
                            10.01230595170486,
                            53.534205066210696,
                            0
                        ],
                        [
                            10.012305951335733,
                            53.53420506535646,
                            0
                        ],
                        [
                            10.012243319893408,
                            53.53408489086822,
                            0
                        ],
                        [
                            10.012243319893399,
                            53.5340848908682,
                            0
                        ],
                        [
                            10.012171754318828,
                            53.53394754202252,
                            0
                        ],
                        [
                            10.012171753811039,
                            53.53394754119394,
                            0
                        ],
                        [
                            10.012171753169381,
                            53.53394754039903,
                            0
                        ],
                        [
                            10.012171752400029,
                            53.5339475396454,
                            0
                        ],
                        [
                            10.012171751510392,
                            53.533947538940346,
                            0
                        ],
                        [
                            10.012171750509038,
                            53.533947538290626,
                            0
                        ],
                        [
                            10.01217174940561,
                            53.53394753770252,
                            0
                        ],
                        [
                            10.012171748210738,
                            53.533947537181675,
                            0
                        ],
                        [
                            10.012171746935927,
                            53.5339475367331,
                            0
                        ],
                        [
                            10.012171745593454,
                            53.53394753636114,
                            0
                        ],
                        [
                            10.012171744196248,
                            53.533947536069356,
                            0
                        ],
                        [
                            10.012171742757767,
                            53.53394753586058,
                            0
                        ],
                        [
                            10.01217174129186,
                            53.5339475357368,
                            0
                        ],
                        [
                            10.01217173981265,
                            53.53394753569922,
                            0
                        ],
                        [
                            10.012171738334379,
                            53.53394753574821,
                            0
                        ],
                        [
                            10.012171736871284,
                            53.53394753588327,
                            0
                        ],
                        [
                            10.01217173543746,
                            53.53394753610314,
                            0
                        ],
                        [
                            10.011710662721697,
                            53.5340328068205,
                            0
                        ]
                    ]
                ]
            }
        },
        {
            "type": "Feature",
            "properties": {
                "id": null,
                "AOG": null,
                "GFK": null,
                "WGF": null,
                "area_planning_type": "unknown land use type",
                "building_height": 37.9,
                "building_id": "G04A",
                "elevation_at_bottom": 7.5,
                "floor_area": 614.89,
                "land_use_detailed_type": "to be defined",
                "land_use_suggested": "- to be defined -",
                "number_of_stories": 9,
                "city_scope_id": "B-04-A"
            },
            "geometry": {
                "type": "Polygon",
                "coordinates": [
                    [
                        [
                            10.012366516766404,
                            53.53406780501497,
                            7.5
                        ],
                        [
                            10.012419721094,
                            53.5340571699793,
                            7.5
                        ],
                        [
                            10.01246290795663,
                            53.534133867275855,
                            7.5
                        ],
                        [
                            10.012711014763996,
                            53.534084277184654,
                            7.5
                        ],
                        [
                            10.012695743661292,
                            53.53400200406986,
                            7.5
                        ],
                        [
                            10.012795604803625,
                            53.53398204760257,
                            7.5
                        ],
                        [
                            10.012733226806965,
                            53.533871273742875,
                            7.5
                        ],
                        [
                            10.012590207970598,
                            53.533899856560815,
                            7.5
                        ],
                        [
                            10.012575807237045,
                            53.53387428785838,
                            7.5
                        ],
                        [
                            10.01228973917632,
                            53.533931462191056,
                            7.5
                        ],
                        [
                            10.012366516766404,
                            53.53406780501497,
                            7.5
                        ]
                    ]
                ]
            }
        },
        {
            "type": "Feature",
            "properties": {
                "id": null,
                "AOG": null,
                "GFK": null,
                "WGF": null,
                "area_planning_type": "unknown land use type",
                "building_height": 37.9,
                "building_id": "G04B",
                "elevation_at_bottom": 7.5,
                "floor_area": 614.84,
                "land_use_detailed_type": "to be defined",
                "land_use_suggested": "- to be defined -",
                "number_of_stories": 9,
                "city_scope_id": "B-04-B"
            },
            "geometry": {
                "type": "Polygon",
                "coordinates": [
                    [
                        [
                            10.012848869040566,
                            53.53397140287848,
                            7.5
                        ],
                        [
                            10.012892011331537,
                            53.53404810040128,
                            7.5
                        ],
                        [
                            10.013140147296335,
                            53.533998509168036,
                            7.5
                        ],
                        [
                            10.013124890480727,
                            53.5339162359828,
                            7.5
                        ],
                        [
                            10.013224661132979,
                            53.53389629790005,
                            7.5
                        ],
                        [
                            10.013147881110713,
                            53.53375995563463,
                            7.5
                        ],
                        [
                            10.012861874733554,
                            53.53381712183155,
                            7.5
                        ],
                        [
                            10.012876275404668,
                            53.533842681511835,
                            7.5
                        ],
                        [
                            10.012733226806965,
                            53.533871273742875,
                            7.5
                        ],
                        [
                            10.012795604803625,
                            53.53398204760257,
                            7.5
                        ],
                        [
                            10.012848869040566,
                            53.53397140287848,
                            7.5
                        ]
                    ]
                ]
            }
        },
        {
            "type": "Feature",
            "properties": {
                "id": null,
                "AOG": null,
                "GFK": null,
                "WGF": null,
                "area_planning_type": "unknown land use type",
                "building_height": 37.9,
                "building_id": "G04C",
                "elevation_at_bottom": 7.5,
                "floor_area": 614.87,
                "land_use_detailed_type": "to be defined",
                "land_use_suggested": "- to be defined -",
                "number_of_stories": 9,
                "city_scope_id": "B-04-C"
            },
            "geometry": {
                "type": "Polygon",
                "coordinates": [
                    [
                        [
                            10.013277925152469,
                            53.53388565298572,
                            7.5
                        ],
                        [
                            10.013321113168816,
                            53.53396234098087,
                            7.5
                        ],
                        [
                            10.013569203079369,
                            53.53391275823194,
                            7.5
                        ],
                        [
                            10.013553945465725,
                            53.53383048510398,
                            7.5
                        ],
                        [
                            10.013653760751644,
                            53.53381053729397,
                            7.5
                        ],
                        [
                            10.013576979513227,
                            53.53367419530782,
                            7.5
                        ],
                        [
                            10.01329097408932,
                            53.53373135353934,
                            7.5
                        ],
                        [
                            10.013305375202982,
                            53.533756922154474,
                            7.5
                        ],
                        [
                            10.013162282148322,
                            53.53378552426722,
                            7.5
                        ],
                        [
                            10.013224661132979,
                            53.53389629790005,
                            7.5
                        ],
                        [
                            10.013277925152469,
                            53.53388565298572,
                            7.5
                        ]
                    ]
                ]
            }
        },
        {
            "type": "Feature",
            "properties": {
                "id": null,
                "AOG": null,
                "GFK": null,
                "WGF": null,
                "area_planning_type": "unknown land use type",
                "building_height": 60.3,
                "building_id": "G05",
                "elevation_at_bottom": 5,
                "floor_area": 960.14,
                "land_use_detailed_type": "to be defined",
                "land_use_suggested": "- to be defined -",
                "number_of_stories": 16,
                "city_scope_id": "B-05"
            },
            "geometry": {
                "type": "Polygon",
                "coordinates": [
                    [
                        [
                            10.013688801452023,
                            53.53364675728696,
                            0
                        ],
                        [
                            10.013688800103216,
                            53.53364675765063,
                            0
                        ],
                        [
                            10.013688798820736,
                            53.53364675809132,
                            0
                        ],
                        [
                            10.01368879761693,
                            53.533646758604775,
                            0
                        ],
                        [
                            10.013688796503395,
                            53.53364675918604,
                            0
                        ],
                        [
                            10.013688795490854,
                            53.53364675982954,
                            0
                        ],
                        [
                            10.013688794589058,
                            53.53364676052907,
                            0
                        ],
                        [
                            10.01368879380669,
                            53.53364676127789,
                            0
                        ],
                        [
                            10.013688793151283,
                            53.5336467620688,
                            0
                        ],
                        [
                            10.013688792629152,
                            53.53364676289416,
                            0
                        ],
                        [
                            10.013688792245325,
                            53.533646763746034,
                            0
                        ],
                        [
                            10.013688792003494,
                            53.53364676461623,
                            0
                        ],
                        [
                            10.013688791905997,
                            53.53364676549635,
                            0
                        ],
                        [
                            10.013688791953761,
                            53.533646766377935,
                            0
                        ],
                        [
                            10.013688792146334,
                            53.53364676725247,
                            0
                        ],
                        [
                            10.013688792481862,
                            53.53364676811156,
                            0
                        ],
                        [
                            10.01368879295711,
                            53.53364676894691,
                            0
                        ],
                        [
                            10.01377740260197,
                            53.533780538595195,
                            0
                        ],
                        [
                            10.013777402602134,
                            53.533780538595416,
                            0
                        ],
                        [
                            10.013777402602253,
                            53.53378053859562,
                            0
                        ],
                        [
                            10.0138549458513,
                            53.5338975835293,
                            0
                        ],
                        [
                            10.013854946461759,
                            53.53389758433286,
                            0
                        ],
                        [
                            10.013854947201478,
                            53.533897585096895,
                            0
                        ],
                        [
                            10.013854948063331,
                            53.53389758581407,
                            0
                        ],
                        [
                            10.013854949039024,
                            53.53389758647745,
                            0
                        ],
                        [
                            10.013854950119157,
                            53.533897587080666,
                            0
                        ],
                        [
                            10.013854951293329,
                            53.53389758761789,
                            0
                        ],
                        [
                            10.013854952550235,
                            53.53389758808399,
                            0
                        ],
                        [
                            10.013854953877766,
                            53.53389758847444,
                            0
                        ],
                        [
                            10.013854955263144,
                            53.5338975887855,
                            0
                        ],
                        [
                            10.013854956693025,
                            53.53389758901416,
                            0
                        ],
                        [
                            10.013854958153642,
                            53.533897589158215,
                            0
                        ],
                        [
                            10.013854959630924,
                            53.5338975892163,
                            0
                        ],
                        [
                            10.013854961110649,
                            53.53389758918783,
                            0
                        ],
                        [
                            10.013854962578568,
                            53.53389758907309,
                            0
                        ],
                        [
                            10.013854964020544,
                            53.5338975888732,
                            0
                        ],
                        [
                            10.01385496542269,
                            53.53389758859008,
                            0
                        ],
                        [
                            10.014304034676117,
                            53.53379200629668,
                            0
                        ],
                        [
                            10.014304036024987,
                            53.533792005932995,
                            0
                        ],
                        [
                            10.014304037307527,
                            53.533792005492316,
                            0
                        ],
                        [
                            10.014304038511387,
                            53.533792004978864,
                            0
                        ],
                        [
                            10.014304039624973,
                            53.533792004397554,
                            0
                        ],
                        [
                            10.01430404063756,
                            53.53379200375403,
                            0
                        ],
                        [
                            10.014304041539392,
                            53.53379200305449,
                            0
                        ],
                        [
                            10.01430404232179,
                            53.53379200230564,
                            0
                        ],
                        [
                            10.014304042977212,
                            53.533792001514705,
                            0
                        ],
                        [
                            10.014304043499353,
                            53.53379200068932,
                            0
                        ],
                        [
                            10.014304043883177,
                            53.533791999837405,
                            0
                        ],
                        [
                            10.014304044124993,
                            53.53379199896718,
                            0
                        ],
                        [
                            10.014304044222468,
                            53.53379199808702,
                            0
                        ],
                        [
                            10.014304044174668,
                            53.53379199720541,
                            0
                        ],
                        [
                            10.01430404398205,
                            53.533791996330855,
                            0
                        ],
                        [
                            10.014304043646467,
                            53.53379199547174,
                            0
                        ],
                        [
                            10.014304043171157,
                            53.53379199463636,
                            0
                        ],
                        [
                            10.014226498669476,
                            53.53367494100974,
                            0
                        ],
                        [
                            10.014226498669474,
                            53.53367494100973,
                            0
                        ],
                        [
                            10.01413788783828,
                            53.53354117169746,
                            0
                        ],
                        [
                            10.014137887227854,
                            53.53354117089385,
                            0
                        ],
                        [
                            10.014137886488156,
                            53.533541170129766,
                            0
                        ],
                        [
                            10.014137885626305,
                            53.53354116941254,
                            0
                        ],
                        [
                            10.014137884650603,
                            53.5335411687491,
                            0
                        ],
                        [
                            10.014137883570449,
                            53.53354116814584,
                            0
                        ],
                        [
                            10.014137882396245,
                            53.53354116760855,
                            0
                        ],
                        [
                            10.014137881139298,
                            53.533541167142424,
                            0
                        ],
                        [
                            10.014137879811713,
                            53.53354116675195,
                            0
                        ],
                        [
                            10.01413787842628,
                            53.53354116644087,
                            0
                        ],
                        [
                            10.014137876996339,
                            53.5335411662122,
                            0
                        ],
                        [
                            10.01413787553566,
                            53.53354116606815,
                            0
                        ],
                        [
                            10.01413787405831,
                            53.53354116601007,
                            0
                        ],
                        [
                            10.014137872578525,
                            53.53354116603855,
                            0
                        ],
                        [
                            10.014137871110547,
                            53.533541166153306,
                            0
                        ],
                        [
                            10.01413786966852,
                            53.53354116635323,
                            0
                        ],
                        [
                            10.014137868266328,
                            53.533541166636404,
                            0
                        ],
                        [
                            10.013688801452023,
                            53.53364675728696,
                            0
                        ]
                    ]
                ]
            }
        },
        {
            "type": "Feature",
            "properties": {
                "id": null,
                "AOG": null,
                "GFK": null,
                "WGF": null,
                "area_planning_type": "unknown land use type",
                "building_height": 37.9,
                "building_id": "G06A",
                "elevation_at_bottom": 7.5,
                "floor_area": 614.89,
                "land_use_detailed_type": "to be defined",
                "land_use_suggested": "- to be defined -",
                "number_of_stories": 9,
                "city_scope_id": "B-06-A"
            },
            "geometry": {
                "type": "Polygon",
                "coordinates": [
                    [
                        [
                            10.01435006224098,
                            53.53365180101131,
                            7.5
                        ],
                        [
                            10.014401510487481,
                            53.53363843833093,
                            7.5
                        ],
                        [
                            10.014455774695424,
                            53.5337125869437,
                            7.5
                        ],
                        [
                            10.014683445591421,
                            53.53365345795718,
                            7.5
                        ],
                        [
                            10.014680598963253,
                            53.533565946904694,
                            7.5
                        ],
                        [
                            10.01476494603872,
                            53.53354403497684,
                            7.5
                        ],
                        [
                            10.014686567333975,
                            53.53343693059141,
                            7.5
                        ],
                        [
                            10.014548268079231,
                            53.53347284672184,
                            7.5
                        ],
                        [
                            10.014530190238956,
                            53.533448136439446,
                            7.5
                        ],
                        [
                            10.014253591366291,
                            53.533519977168126,
                            7.5
                        ],
                        [
                            10.01435006224098,
                            53.53365180101131,
                            7.5
                        ]
                    ]
                ]
            }
        },
        {
            "type": "Feature",
            "properties": {
                "id": null,
                "AOG": null,
                "GFK": null,
                "WGF": null,
                "area_planning_type": "unknown land use type",
                "building_height": 37.9,
                "building_id": "G06B",
                "elevation_at_bottom": 7.5,
                "floor_area": 614.83,
                "land_use_detailed_type": "to be defined",
                "land_use_suggested": "- to be defined -",
                "number_of_stories": 9,
                "city_scope_id": "B-06-B"
            },
            "geometry": {
                "type": "Polygon",
                "coordinates": [
                    [
                        [
                            10.014816394022061,
                            53.533530672118914,
                            7.5
                        ],
                        [
                            10.014870659027043,
                            53.5336048295292,
                            7.5
                        ],
                        [
                            10.015098328543626,
                            53.53354569076984,
                            7.5
                        ],
                        [
                            10.01509548128521,
                            53.53345818871683,
                            7.5
                        ],
                        [
                            10.015179767803916,
                            53.533436285997404,
                            7.5
                        ],
                        [
                            10.015083309944552,
                            53.53330446270057,
                            7.5
                        ],
                        [
                            10.014806773083382,
                            53.53337629520245,
                            7.5
                        ],
                        [
                            10.014824866138053,
                            53.53340100531469,
                            7.5
                        ],
                        [
                            10.014686567333975,
                            53.53343693059141,
                            7.5
                        ],
                        [
                            10.01476494603872,
                            53.53354403497684,
                            7.5
                        ],
                        [
                            10.014816394022061,
                            53.533530672118914,
                            7.5
                        ]
                    ]
                ]
            }
        },
        {
            "type": "Feature",
            "properties": {
                "id": null,
                "AOG": null,
                "GFK": null,
                "WGF": null,
                "area_planning_type": "unknown land use type",
                "building_height": 37.9,
                "building_id": "G06C",
                "elevation_at_bottom": 7.5,
                "floor_area": 614.88,
                "land_use_detailed_type": "to be defined",
                "land_use_suggested": "- to be defined -",
                "number_of_stories": 9,
                "city_scope_id": "B-06-C"
            },
            "geometry": {
                "type": "Polygon",
                "coordinates": [
                    [
                        [
                            10.015231275649407,
                            53.53342291346246,
                            7.5
                        ],
                        [
                            10.015285541021608,
                            53.53349706169585,
                            7.5
                        ],
                        [
                            10.015513209588635,
                            53.53343793113806,
                            7.5
                        ],
                        [
                            10.015510361270072,
                            53.5333504201101,
                            7.5
                        ],
                        [
                            10.015594647572604,
                            53.533328526087026,
                            7.5
                        ],
                        [
                            10.01549818867829,
                            53.53319670312738,
                            7.5
                        ],
                        [
                            10.01522165301664,
                            53.5332685275963,
                            7.5
                        ],
                        [
                            10.015239746480258,
                            53.533293246632496,
                            7.5
                        ],
                        [
                            10.015101388258433,
                            53.53332918188592,
                            7.5
                        ],
                        [
                            10.015179767803916,
                            53.533436285997404,
                            7.5
                        ],
                        [
                            10.015231275649407,
                            53.53342291346246,
                            7.5
                        ]
                    ]
                ]
            }
        },
        {
            "type": "Feature",
            "properties": {
                "id": null,
                "AOG": null,
                "GFK": null,
                "WGF": null,
                "area_planning_type": "unknown land use type",
                "building_height": 60.3,
                "building_id": "G07",
                "elevation_at_bottom": 5,
                "floor_area": 960.11,
                "land_use_detailed_type": "to be defined",
                "land_use_suggested": "- to be defined -",
                "number_of_stories": 16,
                "city_scope_id": "B-07"
            },
            "geometry": {
                "type": "Polygon",
                "coordinates": [
                    [
                        [
                            10.015603404151271,
                            53.53316067222029,
                            0
                        ],
                        [
                            10.01560340285182,
                            53.53316067264301,
                            0
                        ],
                        [
                            10.015603401628177,
                            53.53316067313957,
                            0
                        ],
                        [
                            10.015603400492123,
                            53.53316067370522,
                            0
                        ],
                        [
                            10.015603399454605,
                            53.53316067433449,
                            0
                        ],
                        [
                            10.015603398525608,
                            53.53316067502129,
                            0
                        ],
                        [
                            10.015603397714083,
                            53.53316067575905,
                            0
                        ],
                        [
                            10.015603397027844,
                            53.53316067654065,
                            0
                        ],
                        [
                            10.015603396473502,
                            53.53316067735856,
                            0
                        ],
                        [
                            10.015603396056392,
                            53.533160678204894,
                            0
                        ],
                        [
                            10.015603395780536,
                            53.53316067907153,
                            0
                        ],
                        [
                            10.01560339564859,
                            53.53316067995007,
                            0
                        ],
                        [
                            10.01560339566182,
                            53.53316068083212,
                            0
                        ],
                        [
                            10.015603395820106,
                            53.53316068170912,
                            0
                        ],
                        [
                            10.015603396121916,
                            53.53316068257268,
                            0
                        ],
                        [
                            10.01560339656435,
                            53.53316068341444,
                            0
                        ],
                        [
                            10.01560339714314,
                            53.5331606842263,
                            0
                        ],
                        [
                            10.01570855052632,
                            53.53329013205469,
                            0
                        ],
                        [
                            10.015708550526323,
                            53.533290132054695,
                            0
                        ],
                        [
                            10.01580055283134,
                            53.53340340338197,
                            0
                        ],
                        [
                            10.015800553540876,
                            53.53340340415616,
                            0
                        ],
                        [
                            10.015800554374366,
                            53.53340340488519,
                            0
                        ],
                        [
                            10.015800555323791,
                            53.53340340556203,
                            0
                        ],
                        [
                            10.01580055638,
                            53.53340340618017,
                            0
                        ],
                        [
                            10.015800557532826,
                            53.53340340673367,
                            0
                        ],
                        [
                            10.015800558771161,
                            53.53340340721714,
                            0
                        ],
                        [
                            10.015800560083083,
                            53.533403407626,
                            0
                        ],
                        [
                            10.015800561455954,
                            53.53340340795628,
                            0
                        ],
                        [
                            10.015800562876551,
                            53.5334034082048,
                            0
                        ],
                        [
                            10.015800564331197,
                            53.533403408369146,
                            0
                        ],
                        [
                            10.015800565805877,
                            53.53340340844777,
                            0
                        ],
                        [
                            10.01580056728639,
                            53.53340340843988,
                            0
                        ],
                        [
                            10.015800568758477,
                            53.53340340834557,
                            0
                        ],
                        [
                            10.01580057020796,
                            53.53340340816577,
                            0
                        ],
                        [
                            10.015800571620877,
                            53.53340340790217,
                            0
                        ],
                        [
                            10.015800572983624,
                            53.53340340755733,
                            0
                        ],
                        [
                            10.016235128310516,
                            53.53327811145014,
                            0
                        ],
                        [
                            10.016235129609905,
                            53.533278111027386,
                            0
                        ],
                        [
                            10.01623513083349,
                            53.533278110530794,
                            0
                        ],
                        [
                            10.016235131969482,
                            53.53327810996517,
                            0
                        ],
                        [
                            10.016235133006946,
                            53.5332781093359,
                            0
                        ],
                        [
                            10.016235133935893,
                            53.533278108649085,
                            0
                        ],
                        [
                            10.016235134747369,
                            53.53327810791134,
                            0
                        ],
                        [
                            10.016235135433565,
                            53.53327810712977,
                            0
                        ],
                        [
                            10.01623513598787,
                            53.533278106311876,
                            0
                        ],
                        [
                            10.01623513640495,
                            53.533278105465556,
                            0
                        ],
                        [
                            10.016235136680784,
                            53.533278104598956,
                            0
                        ],
                        [
                            10.016235136812718,
                            53.533278103720434,
                            0
                        ],
                        [
                            10.01623513679948,
                            53.53327810283843,
                            0
                        ],
                        [
                            10.016235136641198,
                            53.53327810196145,
                            0
                        ],
                        [
                            10.016235136339397,
                            53.533278101097906,
                            0
                        ],
                        [
                            10.01623513589698,
                            53.533278100256176,
                            0
                        ],
                        [
                            10.016235135318214,
                            53.533278099444324,
                            0
                        ],
                        [
                            10.016143132348907,
                            53.53316483744042,
                            0
                        ],
                        [
                            10.016143132348848,
                            53.533164837440346,
                            0
                        ],
                        [
                            10.016143132348791,
                            53.533164837440275,
                            0
                        ],
                        [
                            10.01603797796026,
                            53.533035389995725,
                            0
                        ],
                        [
                            10.016037977250702,
                            53.53303538922159,
                            0
                        ],
                        [
                            10.016037976417206,
                            53.53303538849262,
                            0
                        ],
                        [
                            10.016037975467793,
                            53.53303538781582,
                            0
                        ],
                        [
                            10.016037974411608,
                            53.53303538719773,
                            0
                        ],
                        [
                            10.01603797325882,
                            53.5330353866443,
                            0
                        ],
                        [
                            10.016037972020534,
                            53.53303538616085,
                            0
                        ],
                        [
                            10.016037970708673,
                            53.533035385752015,
                            0
                        ],
                        [
                            10.016037969335871,
                            53.533035385421776,
                            0
                        ],
                        [
                            10.016037967915352,
                            53.533035385173285,
                            0
                        ],
                        [
                            10.01603796646079,
                            53.53303538500894,
                            0
                        ],
                        [
                            10.016037964986191,
                            53.533035384930336,
                            0
                        ],
                        [
                            10.016037963505765,
                            53.53303538493823,
                            0
                        ],
                        [
                            10.016037962033758,
                            53.53303538503251,
                            0
                        ],
                        [
                            10.016037960584354,
                            53.5330353852123,
                            0
                        ],
                        [
                            10.01603795917151,
                            53.53303538547588,
                            0
                        ],
                        [
                            10.016037957808827,
                            53.53303538582066,
                            0
                        ],
                        [
                            10.015603404151271,
                            53.53316067222029,
                            0
                        ]
                    ]
                ]
            }
        },
        {
            "type": "Feature",
            "properties": {
                "id": null,
                "AOG": null,
                "GFK": null,
                "WGF": null,
                "area_planning_type": "unknown land use type",
                "building_height": 37.9,
                "building_id": "G08A",
                "elevation_at_bottom": 7.5,
                "floor_area": 614.88,
                "land_use_detailed_type": "to be defined",
                "land_use_suggested": "- to be defined -",
                "number_of_stories": 9,
                "city_scope_id": "B-08-A"
            },
            "geometry": {
                "type": "Polygon",
                "coordinates": [
                    [
                        [
                            10.01625916121358,
                            53.53313020020778,
                            7.5
                        ],
                        [
                            10.016308757801001,
                            53.53311454225607,
                            7.5
                        ],
                        [
                            10.016372345302345,
                            53.53318601294053,
                            7.5
                        ],
                        [
                            10.016571165540931,
                            53.533123233308935,
                            7.5
                        ],
                        [
                            10.016598369501816,
                            53.533023088891944,
                            7.5
                        ],
                        [
                            10.016659061947482,
                            53.533003920623116,
                            7.5
                        ],
                        [
                            10.016567207961007,
                            53.532900680446964,
                            7.5
                        ],
                        [
                            10.016433918340992,
                            53.53294277659701,
                            7.5
                        ],
                        [
                            10.016412722643876,
                            53.532918956044774,
                            7.5
                        ],
                        [
                            10.01614612741267,
                            53.53300313899548,
                            7.5
                        ],
                        [
                            10.01625916121358,
                            53.53313020020778,
                            7.5
                        ]
                    ]
                ]
            }
        },
        {
            "type": "Feature",
            "properties": {
                "id": null,
                "AOG": null,
                "GFK": null,
                "WGF": null,
                "area_planning_type": "unknown land use type",
                "building_height": 37.9,
                "building_id": "G08B",
                "elevation_at_bottom": 7.5,
                "floor_area": 614.82,
                "land_use_detailed_type": "to be defined",
                "land_use_suggested": "- to be defined -",
                "number_of_stories": 9,
                "city_scope_id": "B-08-B"
            },
            "geometry": {
                "type": "Polygon",
                "coordinates": [
                    [
                        [
                            10.016708643153335,
                            53.53298826263486,
                            7.5
                        ],
                        [
                            10.016772231133304,
                            53.533059733105894,
                            7.5
                        ],
                        [
                            10.016971065267445,
                            53.532996952685274,
                            7.5
                        ],
                        [
                            10.01699825312164,
                            53.53289680830829,
                            7.5
                        ],
                        [
                            10.017058900380354,
                            53.5328776581971,
                            7.5
                        ],
                        [
                            10.016945849792815,
                            53.53275059787181,
                            7.5
                        ],
                        [
                            10.016679316596614,
                            53.53283476351621,
                            7.5
                        ],
                        [
                            10.016700512615358,
                            53.53285859300823,
                            7.5
                        ],
                        [
                            10.016567207961007,
                            53.532900680446964,
                            7.5
                        ],
                        [
                            10.016659061947482,
                            53.533003920623116,
                            7.5
                        ],
                        [
                            10.016708643153335,
                            53.53298826263486,
                            7.5
                        ]
                    ]
                ]
            }
        },
        {
            "type": "Feature",
            "properties": {
                "id": null,
                "AOG": null,
                "GFK": null,
                "WGF": null,
                "area_planning_type": "unknown land use type",
                "building_height": 37.9,
                "building_id": "G08C",
                "elevation_at_bottom": 7.5,
                "floor_area": 614.87,
                "land_use_detailed_type": "to be defined",
                "land_use_suggested": "- to be defined -",
                "number_of_stories": 9,
                "city_scope_id": "B-08-C"
            },
            "geometry": {
                "type": "Polygon",
                "coordinates": [
                    [
                        [
                            10.017108541198299,
                            53.532861981556415,
                            7.5
                        ],
                        [
                            10.017172129656903,
                            53.53293345181403,
                            7.5
                        ],
                        [
                            10.017370947516767,
                            53.53287067086097,
                            7.5
                        ],
                        [
                            10.017398149434053,
                            53.532770526267385,
                            7.5
                        ],
                        [
                            10.017458781245159,
                            53.53275137608301,
                            7.5
                        ],
                        [
                            10.017345729806772,
                            53.532624316137145,
                            7.5
                        ],
                        [
                            10.017079198205009,
                            53.53270848266729,
                            7.5
                        ],
                        [
                            10.017100394383345,
                            53.53273231208816,
                            7.5
                        ],
                        [
                            10.016967045702591,
                            53.53277441832922,
                            7.5
                        ],
                        [
                            10.017058900380354,
                            53.5328776581971,
                            7.5
                        ],
                        [
                            10.017108541198299,
                            53.532861981556415,
                            7.5
                        ]
                    ]
                ]
            }
        },
        {
            "type": "Feature",
            "properties": {
                "id": null,
                "AOG": null,
                "GFK": null,
                "WGF": null,
                "area_planning_type": "unknown land use type",
                "building_height": 61.7,
                "building_id": "G09",
                "elevation_at_bottom": 5,
                "floor_area": 960.15,
                "land_use_detailed_type": "to be defined",
                "land_use_suggested": "- to be defined -",
                "number_of_stories": 16,
                "city_scope_id": "B-09"
            },
            "geometry": {
                "type": "Polygon",
                "coordinates": [
                    [
                        [
                            10.017450412476471,
                            53.53258886357996,
                            0
                        ],
                        [
                            10.017450411206495,
                            53.53258886403334,
                            0
                        ],
                        [
                            10.017450410017226,
                            53.53258886455871,
                            0
                        ],
                        [
                            10.017450408920118,
                            53.53258886515099,
                            0
                        ],
                        [
                            10.017450407925741,
                            53.532588865804506,
                            0
                        ],
                        [
                            10.017450407043663,
                            53.532588866512924,
                            0
                        ],
                        [
                            10.017450406282387,
                            53.53258886726946,
                            0
                        ],
                        [
                            10.017450405649242,
                            53.532588868066796,
                            0
                        ],
                        [
                            10.017450405150328,
                            53.53258886889727,
                            0
                        ],
                        [
                            10.017450404790447,
                            53.53258886975289,
                            0
                        ],
                        [
                            10.017450404573063,
                            53.532588870625396,
                            0
                        ],
                        [
                            10.017450404500272,
                            53.53258887150639,
                            0
                        ],
                        [
                            10.017450404572777,
                            53.53258887238739,
                            0
                        ],
                        [
                            10.01745040478988,
                            53.532588873259925,
                            0
                        ],
                        [
                            10.017450405149487,
                            53.53258887411558,
                            0
                        ],
                        [
                            10.017450405648134,
                            53.53258887494612,
                            0
                        ],
                        [
                            10.017450406281021,
                            53.532588875743535,
                            0
                        ],
                        [
                            10.017564176834796,
                            53.532715713735406,
                            0
                        ],
                        [
                            10.017564176834812,
                            53.53271571373542,
                            0
                        ],
                        [
                            10.017663717255589,
                            53.53282669921137,
                            0
                        ],
                        [
                            10.017663718016564,
                            53.532826699968,
                            0
                        ],
                        [
                            10.017663718898357,
                            53.532826700676544,
                            0
                        ],
                        [
                            10.017663719892475,
                            53.53282670133018,
                            0
                        ],
                        [
                            10.017663720989344,
                            53.53282670192263,
                            0
                        ],
                        [
                            10.017663722178401,
                            53.53282670244816,
                            0
                        ],
                        [
                            10.017663723448198,
                            53.53282670290172,
                            0
                        ],
                        [
                            10.017663724786498,
                            53.53282670327896,
                            0
                        ],
                        [
                            10.017663726180418,
                            53.532826703576205,
                            0
                        ],
                        [
                            10.017663727616531,
                            53.53282670379064,
                            0
                        ],
                        [
                            10.017663729081006,
                            53.53282670392018,
                            0
                        ],
                        [
                            10.017663730559741,
                            53.53282670396356,
                            0
                        ],
                        [
                            10.017663732038491,
                            53.532826703920385,
                            0
                        ],
                        [
                            10.017663733503019,
                            53.532826703791045,
                            0
                        ],
                        [
                            10.017663734939218,
                            53.53282670357682,
                            0
                        ],
                        [
                            10.017663736333256,
                            53.532826703279774,
                            0
                        ],
                        [
                            10.017663737671704,
                            53.532826702902724,
                            0
                        ],
                        [
                            10.018089526001466,
                            53.53269114621002,
                            0
                        ],
                        [
                            10.0180895272714,
                            53.53269114575664,
                            0
                        ],
                        [
                            10.01808952846063,
                            53.53269114523128,
                            0
                        ],
                        [
                            10.018089529557704,
                            53.53269114463901,
                            0
                        ],
                        [
                            10.018089530552059,
                            53.53269114398553,
                            0
                        ],
                        [
                            10.018089531434113,
                            53.53269114327712,
                            0
                        ],
                        [
                            10.018089532195377,
                            53.532691142520626,
                            0
                        ],
                        [
                            10.018089532828517,
                            53.532691141723326,
                            0
                        ],
                        [
                            10.01808953332744,
                            53.532691140892865,
                            0
                        ],
                        [
                            10.018089533687336,
                            53.532691140037294,
                            0
                        ],
                        [
                            10.01808953390474,
                            53.53269113916481,
                            0
                        ],
                        [
                            10.018089533977562,
                            53.53269113828383,
                            0
                        ],
                        [
                            10.018089533905096,
                            53.53269113740285,
                            0
                        ],
                        [
                            10.018089533688043,
                            53.53269113653034,
                            0
                        ],
                        [
                            10.018089533328492,
                            53.53269113567472,
                            0
                        ],
                        [
                            10.018089532829906,
                            53.53269113484419,
                            0
                        ],
                        [
                            10.018089532197088,
                            53.532691134046786,
                            0
                        ],
                        [
                            10.017989990989706,
                            53.53258014892615,
                            0
                        ],
                        [
                            10.017989990989525,
                            53.53258014892597,
                            0
                        ],
                        [
                            10.017989990989365,
                            53.532580148925774,
                            0
                        ],
                        [
                            10.017876219537087,
                            53.53245331134043,
                            0
                        ],
                        [
                            10.01787621877608,
                            53.532453310583854,
                            0
                        ],
                        [
                            10.017876217894266,
                            53.532453309875365,
                            0
                        ],
                        [
                            10.017876216900138,
                            53.532453309221744,
                            0
                        ],
                        [
                            10.017876215803271,
                            53.532453308629364,
                            0
                        ],
                        [
                            10.017876214614228,
                            53.532453308103875,
                            0
                        ],
                        [
                            10.017876213344456,
                            53.532453307650336,
                            0
                        ],
                        [
                            10.017876212006188,
                            53.532453307273144,
                            0
                        ],
                        [
                            10.01787621061231,
                            53.53245330697592,
                            0
                        ],
                        [
                            10.017876209176244,
                            53.532453306761525,
                            0
                        ],
                        [
                            10.017876207711822,
                            53.53245330663202,
                            0
                        ],
                        [
                            10.017876206233144,
                            53.53245330658864,
                            0
                        ],
                        [
                            10.017876204754453,
                            53.53245330663183,
                            0
                        ],
                        [
                            10.017876203289985,
                            53.53245330676117,
                            0
                        ],
                        [
                            10.017876201853847,
                            53.532453306975405,
                            0
                        ],
                        [
                            10.017876200459868,
                            53.532453307272455,
                            0
                        ],
                        [
                            10.017876199121474,
                            53.53245330764949,
                            0
                        ],
                        [
                            10.017450412476471,
                            53.53258886357996,
                            0
                        ]
                    ]
                ]
            }
        },
        {
            "type": "Feature",
            "properties": {
                "id": null,
                "AOG": null,
                "GFK": null,
                "WGF": null,
                "area_planning_type": "unknown land use type",
                "building_height": 44.9,
                "building_id": "G10",
                "elevation_at_bottom": 7.5,
                "floor_area": 3025.66,
                "land_use_detailed_type": "to be defined",
                "land_use_suggested": "- to be defined -",
                "number_of_stories": 8,
                "city_scope_id": "B-10"
            },
            "geometry": {
                "type": "Polygon",
                "coordinates": [
                    [
                        [
                            10.019644292418484,
                            53.53213498711405,
                            0
                        ],
                        [
                            10.019830573129118,
                            53.532075679834186,
                            0
                        ],
                        [
                            10.019830574399084,
                            53.532075679380796,
                            0
                        ],
                        [
                            10.01983057558834,
                            53.532075678855406,
                            0
                        ],
                        [
                            10.01983057668543,
                            53.532075678263105,
                            0
                        ],
                        [
                            10.019830577679791,
                            53.532075677609576,
                            0
                        ],
                        [
                            10.019830578561846,
                            53.53207567690113,
                            0
                        ],
                        [
                            10.019830579323097,
                            53.532075676144586,
                            0
                        ],
                        [
                            10.019830579956214,
                            53.53207567534721,
                            0
                        ],
                        [
                            10.019830580455096,
                            53.532075674516726,
                            0
                        ],
                        [
                            10.019830580814945,
                            53.532075673661105,
                            0
                        ],
                        [
                            10.01983058103229,
                            53.53207567278858,
                            0
                        ],
                        [
                            10.019830581105039,
                            53.53207567190756,
                            0
                        ],
                        [
                            10.019830581032492,
                            53.53207567102654,
                            0
                        ],
                        [
                            10.019830580815348,
                            53.532075670154,
                            0
                        ],
                        [
                            10.019830580455695,
                            53.532075669298344,
                            0
                        ],
                        [
                            10.019830579957002,
                            53.53207566846781,
                            0
                        ],
                        [
                            10.019830579324072,
                            53.5320756676704,
                            0
                        ],
                        [
                            10.019659924002214,
                            53.53188542281267,
                            0
                        ],
                        [
                            10.019659923241177,
                            53.53188542205609,
                            0
                        ],
                        [
                            10.019659922359336,
                            53.531885421347596,
                            0
                        ],
                        [
                            10.019659921365184,
                            53.53188542069401,
                            0
                        ],
                        [
                            10.019659920268294,
                            53.531885420101624,
                            0
                        ],
                        [
                            10.019659919079231,
                            53.531885419576156,
                            0
                        ],
                        [
                            10.019659917809447,
                            53.531885419122645,
                            0
                        ],
                        [
                            10.019659916471168,
                            53.53188541874547,
                            0
                        ],
                        [
                            10.019659915077282,
                            53.53188541844827,
                            0
                        ],
                        [
                            10.019659913641215,
                            53.531885418233905,
                            0
                        ],
                        [
                            10.019659912176794,
                            53.5318854181044,
                            0
                        ],
                        [
                            10.019659910698124,
                            53.53188541806108,
                            0
                        ],
                        [
                            10.019659909219442,
                            53.5318854181043,
                            0
                        ],
                        [
                            10.019659907754994,
                            53.531885418233664,
                            0
                        ],
                        [
                            10.019659906318877,
                            53.53188541844792,
                            0
                        ],
                        [
                            10.019659904924925,
                            53.53188541874502,
                            0
                        ],
                        [
                            10.019659903586561,
                            53.531885419122084,
                            0
                        ],
                        [
                            10.019473638550172,
                            53.531944726006486,
                            0
                        ],
                        [
                            10.019473638550128,
                            53.53194472600649,
                            0
                        ],
                        [
                            10.019220862116335,
                            53.53202520243686,
                            0
                        ],
                        [
                            10.019220862116244,
                            53.53202520243689,
                            0
                        ],
                        [
                            10.01908781043167,
                            53.53206756022628,
                            0
                        ],
                        [
                            10.01908781043136,
                            53.53206756022638,
                            0
                        ],
                        [
                            10.019087810430864,
                            53.53206756022654,
                            0
                        ],
                        [
                            10.018835002788572,
                            53.53214805407788,
                            0
                        ],
                        [
                            10.018835002788444,
                            53.532148054077936,
                            0
                        ],
                        [
                            10.018701935461056,
                            53.532190420556304,
                            0
                        ],
                        [
                            10.018701935460955,
                            53.53219042055633,
                            0
                        ],
                        [
                            10.01798264540951,
                            53.532419420678245,
                            0
                        ],
                        [
                            10.017982644139552,
                            53.53241942113164,
                            0
                        ],
                        [
                            10.017982642950297,
                            53.532419421656996,
                            0
                        ],
                        [
                            10.017982641853203,
                            53.532419422249276,
                            0
                        ],
                        [
                            10.017982640858833,
                            53.53241942290276,
                            0
                        ],
                        [
                            10.017982639976763,
                            53.532419423611195,
                            0
                        ],
                        [
                            10.017982639215493,
                            53.53241942436772,
                            0
                        ],
                        [
                            10.017982638582351,
                            53.532419425165045,
                            0
                        ],
                        [
                            10.017982638083431,
                            53.53241942599551,
                            0
                        ],
                        [
                            10.017982637723545,
                            53.53241942685111,
                            0
                        ],
                        [
                            10.017982637506156,
                            53.532419427723624,
                            0
                        ],
                        [
                            10.017982637433356,
                            53.53241942860462,
                            0
                        ],
                        [
                            10.017982637505849,
                            53.532419429485614,
                            0
                        ],
                        [
                            10.017982637722934,
                            53.53241943035815,
                            0
                        ],
                        [
                            10.017982638082524,
                            53.532419431213796,
                            0
                        ],
                        [
                            10.017982638581152,
                            53.53241943204432,
                            0
                        ],
                        [
                            10.017982639214019,
                            53.532419432841735,
                            0
                        ],
                        [
                            10.018153289443227,
                            53.53260968908874,
                            0
                        ],
                        [
                            10.018153290204227,
                            53.532609689845344,
                            0
                        ],
                        [
                            10.01815329108604,
                            53.53260969055387,
                            0
                        ],
                        [
                            10.018153292080171,
                            53.53260969120747,
                            0
                        ],
                        [
                            10.018153293177049,
                            53.53260969179989,
                            0
                        ],
                        [
                            10.018153294366105,
                            53.532609692325394,
                            0
                        ],
                        [
                            10.018153295635893,
                            53.53260969277892,
                            0
                        ],
                        [
                            10.018153296974178,
                            53.53260969315615,
                            0
                        ],
                        [
                            10.018153298368079,
                            53.53260969345337,
                            0
                        ],
                        [
                            10.018153299804169,
                            53.532609693667794,
                            0
                        ],
                        [
                            10.018153301268615,
                            53.53260969379728,
                            0
                        ],
                        [
                            10.018153302747317,
                            53.53260969384066,
                            0
                        ],
                        [
                            10.018153304226036,
                            53.53260969379746,
                            0
                        ],
                        [
                            10.018153305690527,
                            53.532609693668135,
                            0
                        ],
                        [
                            10.018153307126688,
                            53.5326096934539,
                            0
                        ],
                        [
                            10.018153308520688,
                            53.532609693156836,
                            0
                        ],
                        [
                            10.018153309859104,
                            53.53260969277978,
                            0
                        ],
                        [
                            10.019005624898337,
                            53.532338334331406,
                            0
                        ],
                        [
                            10.01900562489841,
                            53.532338334331385,
                            0
                        ],
                        [
                            10.019005624898593,
                            53.532338334331335,
                            0
                        ],
                        [
                            10.019258433341202,
                            53.53225784011797,
                            0
                        ],
                        [
                            10.019258433341259,
                            53.532257840117964,
                            0
                        ],
                        [
                            10.0196442924184,
                            53.5321349871141,
                            0
                        ],
                        [
                            10.019644292418484,
                            53.53213498711405,
                            0
                        ]
                    ]
                ]
            }
        },
        {
            "type": "Feature",
            "properties": {
                "id": null,
                "AOG": null,
                "GFK": null,
                "WGF": null,
                "area_planning_type": "unknown land use type",
                "building_height": 53.9,
                "building_id": "G11",
                "elevation_at_bottom": 7.5,
                "floor_area": 629.78,
                "land_use_detailed_type": "to be defined",
                "land_use_suggested": "- to be defined -",
                "number_of_stories": 13,
                "city_scope_id": "B-11"
            },
            "geometry": {
                "type": "Polygon",
                "coordinates": [
                    [
                        [
                            10.010035184254926,
                            53.534059501582504,
                            7.5
                        ],
                        [
                            10.010327660537751,
                            53.53401529462951,
                            7.5
                        ],
                        [
                            10.010201645252659,
                            53.533719370770115,
                            7.5
                        ],
                        [
                            10.00992756496894,
                            53.533806758162534,
                            7.5
                        ],
                        [
                            10.010035184254926,
                            53.534059501582504,
                            7.5
                        ]
                    ]
                ]
            }
        },
        {
            "type": "Feature",
            "properties": {
                "id": null,
                "AOG": null,
                "GFK": null,
                "WGF": null,
                "area_planning_type": "unknown land use type",
                "building_height": 34.7,
                "building_id": "G12",
                "elevation_at_bottom": 7.5,
                "floor_area": 547.52,
                "land_use_detailed_type": "to be defined",
                "land_use_suggested": "- to be defined -",
                "number_of_stories": 7,
                "city_scope_id": "B-12"
            },
            "geometry": {
                "type": "Polygon",
                "coordinates": [
                    [
                        [
                            10.010449058044909,
                            53.53386179691165,
                            7.5
                        ],
                        [
                            10.010506220326437,
                            53.53398760073027,
                            7.5
                        ],
                        [
                            10.011056083791818,
                            53.53389892317424,
                            7.5
                        ],
                        [
                            10.01099893509186,
                            53.533773119496075,
                            7.5
                        ],
                        [
                            10.010449058044909,
                            53.53386179691165,
                            7.5
                        ]
                    ]
                ]
            }
        },
        {
            "type": "Feature",
            "properties": {
                "id": null,
                "AOG": null,
                "GFK": null,
                "WGF": null,
                "area_planning_type": "unknown land use type",
                "building_height": 34.7,
                "building_id": "G13",
                "elevation_at_bottom": 7.5,
                "floor_area": 485.74,
                "land_use_detailed_type": "to be defined",
                "land_use_suggested": "- to be defined -",
                "number_of_stories": 7,
                "city_scope_id": "B-13"
            },
            "geometry": {
                "type": "Polygon",
                "coordinates": [
                    [
                        [
                            10.011086116573132,
                            53.53375862013626,
                            7.5
                        ],
                        [
                            10.011146706970642,
                            53.53388384633927,
                            7.5
                        ],
                        [
                            10.01163234218863,
                            53.53380044645458,
                            7.5
                        ],
                        [
                            10.01157175048368,
                            53.533675220502005,
                            7.5
                        ],
                        [
                            10.011086116573132,
                            53.53375862013626,
                            7.5
                        ]
                    ]
                ]
            }
        },
        {
            "type": "Feature",
            "properties": {
                "id": null,
                "AOG": null,
                "GFK": null,
                "WGF": null,
                "area_planning_type": "unknown land use type",
                "building_height": 34.7,
                "building_id": "G14",
                "elevation_at_bottom": 7.5,
                "floor_area": 634.52,
                "land_use_detailed_type": "to be defined",
                "land_use_suggested": "- to be defined -",
                "number_of_stories": 7,
                "city_scope_id": "B-14"
            },
            "geometry": {
                "type": "Polygon",
                "coordinates": [
                    [
                        [
                            10.01111716459425,
                            53.53324231531731,
                            7.5
                        ],
                        [
                            10.011306109159724,
                            53.53360500691195,
                            7.5
                        ],
                        [
                            10.011515034925717,
                            53.5335663756985,
                            7.5
                        ],
                        [
                            10.011312586199178,
                            53.53317777539467,
                            7.5
                        ],
                        [
                            10.01111716459425,
                            53.53324231531731,
                            7.5
                        ]
                    ]
                ]
            }
        },
        {
            "type": "Feature",
            "properties": {
                "id": null,
                "AOG": null,
                "GFK": null,
                "WGF": null,
                "area_planning_type": "unknown land use type",
                "building_height": 44.3,
                "building_id": "G15",
                "elevation_at_bottom": 7.5,
                "floor_area": 986.86,
                "land_use_detailed_type": "to be defined",
                "land_use_suggested": "- to be defined -",
                "number_of_stories": 10,
                "city_scope_id": "B-15"
            },
            "geometry": {
                "type": "Polygon",
                "coordinates": [
                    [
                        [
                            10.010308054594057,
                            53.53368544604151,
                            7.5
                        ],
                        [
                            10.011037326585262,
                            53.53345292922469,
                            7.5
                        ],
                        [
                            10.01090918033216,
                            53.533310287068495,
                            7.5
                        ],
                        [
                            10.01017992515471,
                            53.5335428029737,
                            7.5
                        ],
                        [
                            10.010308054594057,
                            53.53368544604151,
                            7.5
                        ]
                    ]
                ]
            }
        },
        {
            "type": "Feature",
            "properties": {
                "id": null,
                "AOG": null,
                "GFK": null,
                "WGF": null,
                "area_planning_type": "unknown land use type",
                "building_height": 34.7,
                "building_id": "G16",
                "elevation_at_bottom": 7.5,
                "floor_area": 722.16,
                "land_use_detailed_type": "to be defined",
                "land_use_suggested": "- to be defined -",
                "number_of_stories": 7,
                "city_scope_id": "B-16"
            },
            "geometry": {
                "type": "Polygon",
                "coordinates": [
                    [
                        [
                            10.011789486011214,
                            53.53330487295625,
                            7.5
                        ],
                        [
                            10.012012240862989,
                            53.5337323849117,
                            7.5
                        ],
                        [
                            10.012221166595658,
                            53.53369375246532,
                            7.5
                        ],
                        [
                            10.011998409637991,
                            53.53326623191794,
                            7.5
                        ],
                        [
                            10.011789486011214,
                            53.53330487295625,
                            7.5
                        ]
                    ]
                ]
            }
        },
        {
            "type": "Feature",
            "properties": {
                "id": null,
                "AOG": null,
                "GFK": null,
                "WGF": null,
                "area_planning_type": "unknown land use type",
                "building_height": 50.7,
                "building_id": "G17",
                "elevation_at_bottom": 7.5,
                "floor_area": 739.79,
                "land_use_detailed_type": "to be defined",
                "land_use_suggested": "- to be defined -",
                "number_of_stories": 12,
                "city_scope_id": "B-17"
            },
            "geometry": {
                "type": "Polygon",
                "coordinates": [
                    [
                        [
                            10.01229557288088,
                            53.53347261263812,
                            7.5
                        ],
                        [
                            10.012380533312191,
                            53.53362627996101,
                            7.5
                        ],
                        [
                            10.012969458022916,
                            53.53351069126481,
                            7.5
                        ],
                        [
                            10.012884480831028,
                            53.53335703348125,
                            7.5
                        ],
                        [
                            10.01229557288088,
                            53.53347261263812,
                            7.5
                        ]
                    ]
                ]
            }
        },
        {
            "type": "Feature",
            "properties": {
                "id": null,
                "AOG": null,
                "GFK": null,
                "WGF": null,
                "area_planning_type": "unknown land use type",
                "building_height": 34.7,
                "building_id": "G18",
                "elevation_at_bottom": 7.5,
                "floor_area": 507.5,
                "land_use_detailed_type": "to be defined",
                "land_use_suggested": "- to be defined -",
                "number_of_stories": 7,
                "city_scope_id": "B-18"
            },
            "geometry": {
                "type": "Polygon",
                "coordinates": [
                    [
                        [
                            10.01300860706759,
                            53.53340303055879,
                            7.5
                        ],
                        [
                            10.013082915026146,
                            53.533525613675344,
                            7.5
                        ],
                        [
                            10.013579554886473,
                            53.533418759101366,
                            7.5
                        ],
                        [
                            10.01350524590324,
                            53.533296185284236,
                            7.5
                        ],
                        [
                            10.01300860706759,
                            53.53340303055879,
                            7.5
                        ]
                    ]
                ]
            }
        },
        {
            "type": "Feature",
            "properties": {
                "id": null,
                "AOG": null,
                "GFK": null,
                "WGF": null,
                "area_planning_type": "unknown land use type",
                "building_height": 34.7,
                "building_id": "G19",
                "elevation_at_bottom": 7.5,
                "floor_area": 456.75,
                "land_use_detailed_type": "to be defined",
                "land_use_suggested": "- to be defined -",
                "number_of_stories": 7,
                "city_scope_id": "B-19"
            },
            "geometry": {
                "type": "Polygon",
                "coordinates": [
                    [
                        [
                            10.013055211118479,
                            53.53297180037122,
                            7.5
                        ],
                        [
                            10.013229653871893,
                            53.53323516619312,
                            7.5
                        ],
                        [
                            10.013433135583407,
                            53.53318731903911,
                            7.5
                        ],
                        [
                            10.0132586919863,
                            53.532923962504135,
                            7.5
                        ],
                        [
                            10.013055211118479,
                            53.53297180037122,
                            7.5
                        ]
                    ]
                ]
            }
        },
        {
            "type": "Feature",
            "properties": {
                "id": null,
                "AOG": null,
                "GFK": null,
                "WGF": null,
                "area_planning_type": "unknown land use type",
                "building_height": 34.7,
                "building_id": "G20",
                "elevation_at_bottom": 7.5,
                "floor_area": 489.27,
                "land_use_detailed_type": "to be defined",
                "land_use_suggested": "- to be defined -",
                "number_of_stories": 7,
                "city_scope_id": "B-20"
            },
            "geometry": {
                "type": "Polygon",
                "coordinates": [
                    [
                        [
                            10.013021982234383,
                            53.53292164442694,
                            7.5
                        ],
                        [
                            10.013225462686114,
                            53.53287379762975,
                            7.5
                        ],
                        [
                            10.01303178597693,
                            53.53258141634312,
                            7.5
                        ],
                        [
                            10.012841923104405,
                            53.53264979527967,
                            7.5
                        ],
                        [
                            10.013021982234383,
                            53.53292164442694,
                            7.5
                        ]
                    ]
                ]
            }
        },
        {
            "type": "Feature",
            "properties": {
                "id": null,
                "AOG": null,
                "GFK": null,
                "WGF": null,
                "area_planning_type": "unknown land use type",
                "building_height": 50.7,
                "building_id": "G21",
                "elevation_at_bottom": 7.5,
                "floor_area": 400.01,
                "land_use_detailed_type": "to be defined",
                "land_use_suggested": "- to be defined -",
                "number_of_stories": 12,
                "city_scope_id": "B-21"
            },
            "geometry": {
                "type": "Polygon",
                "coordinates": [
                    [
                        [
                            10.012405124660397,
                            53.532846920417526,
                            7.5
                        ],
                        [
                            10.01255944775124,
                            53.5330013936211,
                            7.5
                        ],
                        [
                            10.012818728234903,
                            53.53290945120616,
                            7.5
                        ],
                        [
                            10.012664404543427,
                            53.53275497833771,
                            7.5
                        ],
                        [
                            10.012405124660397,
                            53.532846920417526,
                            7.5
                        ]
                    ]
                ]
            }
        },
        {
            "type": "Feature",
            "properties": {
                "id": null,
                "AOG": null,
                "GFK": null,
                "WGF": null,
                "area_planning_type": "unknown land use type",
                "building_height": 44.3,
                "building_id": "G22",
                "elevation_at_bottom": 7.5,
                "floor_area": 910.19,
                "land_use_detailed_type": "to be defined",
                "land_use_suggested": "- to be defined -",
                "number_of_stories": 10,
                "city_scope_id": "B-22"
            },
            "geometry": {
                "type": "Polygon",
                "coordinates": [
                    [
                        [
                            10.011662235235542,
                            53.53306062998098,
                            7.5
                        ],
                        [
                            10.011744770517375,
                            53.533219028524925,
                            7.5
                        ],
                        [
                            10.01243220646661,
                            53.53298286597274,
                            7.5
                        ],
                        [
                            10.012296557341788,
                            53.53284271584633,
                            7.5
                        ],
                        [
                            10.011662235235542,
                            53.53306062998098,
                            7.5
                        ]
                    ]
                ]
            }
        },
        {
            "type": "Feature",
            "properties": {
                "id": null,
                "AOG": null,
                "GFK": null,
                "WGF": null,
                "area_planning_type": "unknown land use type",
                "building_height": 34.7,
                "building_id": "G23",
                "elevation_at_bottom": 7.5,
                "floor_area": 550.99,
                "land_use_detailed_type": "to be defined",
                "land_use_suggested": "- to be defined -",
                "number_of_stories": 7,
                "city_scope_id": "B-23"
            },
            "geometry": {
                "type": "Polygon",
                "coordinates": [
                    [
                        [
                            10.013741037806433,
                            53.53301552643267,
                            7.5
                        ],
                        [
                            10.013951485743137,
                            53.53333323029247,
                            7.5
                        ],
                        [
                            10.014154967308274,
                            53.53328539089968,
                            7.5
                        ],
                        [
                            10.013944518094954,
                            53.53296768740146,
                            7.5
                        ],
                        [
                            10.013741037806433,
                            53.53301552643267,
                            7.5
                        ]
                    ]
                ]
            }
        },
        {
            "type": "Feature",
            "properties": {
                "id": null,
                "AOG": null,
                "GFK": null,
                "WGF": null,
                "area_planning_type": "unknown land use type",
                "building_height": 50.7,
                "building_id": "G24",
                "elevation_at_bottom": 7.5,
                "floor_area": 736.37,
                "land_use_detailed_type": "to be defined",
                "land_use_suggested": "- to be defined -",
                "number_of_stories": 12,
                "city_scope_id": "B-24"
            },
            "geometry": {
                "type": "Polygon",
                "coordinates": [
                    [
                        [
                            10.014200728687857,
                            53.53306058254929,
                            7.5
                        ],
                        [
                            10.01430802563973,
                            53.53320920500028,
                            7.5
                        ],
                        [
                            10.014874985475227,
                            53.5330639226272,
                            7.5
                        ],
                        [
                            10.014767686918578,
                            53.53291530068888,
                            7.5
                        ],
                        [
                            10.014200728687857,
                            53.53306058254929,
                            7.5
                        ]
                    ]
                ]
            }
        },
        {
            "type": "Feature",
            "properties": {
                "id": null,
                "AOG": null,
                "GFK": null,
                "WGF": null,
                "area_planning_type": "unknown land use type",
                "building_height": 34.7,
                "building_id": "G25",
                "elevation_at_bottom": 7.5,
                "floor_area": 507.49,
                "land_use_detailed_type": "to be defined",
                "land_use_suggested": "- to be defined -",
                "number_of_stories": 7,
                "city_scope_id": "B-25"
            },
            "geometry": {
                "type": "Polygon",
                "coordinates": [
                    [
                        [
                            10.015375381858432,
                            53.53281808514724,
                            7.5
                        ],
                        [
                            10.014899198836144,
                            53.532954014935136,
                            7.5
                        ],
                        [
                            10.01499371414467,
                            53.53307154432914,
                            7.5
                        ],
                        [
                            10.015469913257919,
                            53.53293561403466,
                            7.5
                        ],
                        [
                            10.015375381858432,
                            53.53281808514724,
                            7.5
                        ]
                    ]
                ]
            }
        },
        {
            "type": "Feature",
            "properties": {
                "id": null,
                "AOG": null,
                "GFK": null,
                "WGF": null,
                "area_planning_type": "unknown land use type",
                "building_height": 34.7,
                "building_id": "G26",
                "elevation_at_bottom": 7.5,
                "floor_area": 639.14,
                "land_use_detailed_type": "to be defined",
                "land_use_suggested": "- to be defined -",
                "number_of_stories": 7,
                "city_scope_id": "B-26"
            },
            "geometry": {
                "type": "Polygon",
                "coordinates": [
                    [
                        [
                            10.01480904558981,
                            53.53242005836269,
                            7.5
                        ],
                        [
                            10.015098720243255,
                            53.53277667554046,
                            7.5
                        ],
                        [
                            10.015295632132828,
                            53.53271990092402,
                            7.5
                        ],
                        [
                            10.015005941140156,
                            53.53236328435386,
                            7.5
                        ],
                        [
                            10.01480904558981,
                            53.53242005836269,
                            7.5
                        ]
                    ]
                ]
            }
        },
        {
            "type": "Feature",
            "properties": {
                "id": null,
                "AOG": null,
                "GFK": null,
                "WGF": null,
                "area_planning_type": "unknown land use type",
                "building_height": 34.7,
                "building_id": "G27",
                "elevation_at_bottom": 7.5,
                "floor_area": 619.39,
                "land_use_detailed_type": "to be defined",
                "land_use_suggested": "- to be defined -",
                "number_of_stories": 7,
                "city_scope_id": "B-27"
            },
            "geometry": {
                "type": "Polygon",
                "coordinates": [
                    [
                        [
                            10.014769607406777,
                            53.532371519683856,
                            7.5
                        ],
                        [
                            10.014966517871072,
                            53.53231474561229,
                            7.5
                        ],
                        [
                            10.014679692436571,
                            53.53196163661642,
                            7.5
                        ],
                        [
                            10.014495001646123,
                            53.53203345307237,
                            7.5
                        ],
                        [
                            10.014769607406777,
                            53.532371519683856,
                            7.5
                        ]
                    ]
                ]
            }
        },
        {
            "type": "Feature",
            "properties": {
                "id": null,
                "AOG": null,
                "GFK": null,
                "WGF": null,
                "area_planning_type": "unknown land use type",
                "building_height": 50.7,
                "building_id": "G28",
                "elevation_at_bottom": 7.5,
                "floor_area": 400,
                "land_use_detailed_type": "to be defined",
                "land_use_suggested": "- to be defined -",
                "number_of_stories": 12,
                "city_scope_id": "B-28"
            },
            "geometry": {
                "type": "Polygon",
                "coordinates": [
                    [
                        [
                            10.014247002033139,
                            53.532384951763106,
                            7.5
                        ],
                        [
                            10.014501286287029,
                            53.532288175984036,
                            7.5
                        ],
                        [
                            10.014338852520808,
                            53.53213668650344,
                            7.5
                        ],
                        [
                            10.014084583879763,
                            53.53223346180908,
                            7.5
                        ],
                        [
                            10.014247002033139,
                            53.532384951763106,
                            7.5
                        ]
                    ]
                ]
            }
        },
        {
            "type": "Feature",
            "properties": {
                "id": null,
                "AOG": null,
                "GFK": null,
                "WGF": null,
                "area_planning_type": "unknown land use type",
                "building_height": 44.3,
                "building_id": "G29",
                "elevation_at_bottom": 7.5,
                "floor_area": 881.4,
                "land_use_detailed_type": "to be defined",
                "land_use_suggested": "- to be defined -",
                "number_of_stories": 10,
                "city_scope_id": "B-29"
            },
            "geometry": {
                "type": "Polygon",
                "coordinates": [
                    [
                        [
                            10.01337142784443,
                            53.53245755495456,
                            7.5
                        ],
                        [
                            10.013472806034317,
                            53.5326106059736,
                            7.5
                        ],
                        [
                            10.014120339402579,
                            53.53236912670492,
                            7.5
                        ],
                        [
                            10.013976264271216,
                            53.532231989333944,
                            7.5
                        ],
                        [
                            10.01337142784443,
                            53.53245755495456,
                            7.5
                        ]
                    ]
                ]
            }
        },
        {
            "type": "Feature",
            "properties": {
                "id": null,
                "AOG": null,
                "GFK": null,
                "WGF": null,
                "area_planning_type": "unknown land use type",
                "building_height": 34.7,
                "building_id": "G30",
                "elevation_at_bottom": 7.5,
                "floor_area": 467.8,
                "land_use_detailed_type": "to be defined",
                "land_use_suggested": "- to be defined -",
                "number_of_stories": 9,
                "city_scope_id": "B-30"
            },
            "geometry": {
                "type": "Polygon",
                "coordinates": [
                    [
                        [
                            10.01352913779295,
                            53.53269564118206,
                            7.5
                        ],
                        [
                            10.013707808079436,
                            53.53296537068327,
                            7.5
                        ],
                        [
                            10.013911287951728,
                            53.53291752272193,
                            7.5
                        ],
                        [
                            10.013732616581462,
                            53.5326477935277,
                            7.5
                        ],
                        [
                            10.01352913779295,
                            53.53269564118206,
                            7.5
                        ]
                    ]
                ]
            }
        },
        {
            "type": "Feature",
            "properties": {
                "id": null,
                "AOG": null,
                "GFK": null,
                "WGF": null,
                "area_planning_type": "unknown land use type",
                "building_height": 34.7,
                "building_id": "G31",
                "elevation_at_bottom": 7.5,
                "floor_area": 641.11,
                "land_use_detailed_type": "to be defined",
                "land_use_suggested": "- to be defined -",
                "number_of_stories": 7,
                "city_scope_id": "B-31"
            },
            "geometry": {
                "type": "Polygon",
                "coordinates": [
                    [
                        [
                            10.015823758401543,
                            53.53283359425076,
                            7.5
                        ],
                        [
                            10.016020654483833,
                            53.53277681857232,
                            7.5
                        ],
                        [
                            10.015730070744702,
                            53.53241910566949,
                            7.5
                        ],
                        [
                            10.015533160835917,
                            53.53247588099502,
                            7.5
                        ],
                        [
                            10.015823758401543,
                            53.53283359425076,
                            7.5
                        ]
                    ]
                ]
            }
        },
        {
            "type": "Feature",
            "properties": {
                "id": null,
                "AOG": null,
                "GFK": null,
                "WGF": null,
                "area_planning_type": "unknown land use type",
                "building_height": 50.7,
                "building_id": "G32",
                "elevation_at_bottom": 7.5,
                "floor_area": 740.52,
                "land_use_detailed_type": "to be defined",
                "land_use_suggested": "- to be defined -",
                "number_of_stories": 12,
                "city_scope_id": "B-32"
            },
            "geometry": {
                "type": "Polygon",
                "coordinates": [
                    [
                        [
                            10.016584681128474,
                            53.53237538339238,
                            7.5
                        ],
                        [
                            10.016036840335062,
                            53.53254915055805,
                            7.5
                        ],
                        [
                            10.016164447368626,
                            53.53269196266745,
                            7.5
                        ],
                        [
                            10.016712289467659,
                            53.532518194915085,
                            7.5
                        ],
                        [
                            10.016584681128474,
                            53.53237538339238,
                            7.5
                        ]
                    ]
                ]
            }
        },
        {
            "type": "Feature",
            "properties": {
                "id": null,
                "AOG": null,
                "GFK": null,
                "WGF": null,
                "area_planning_type": "unknown land use type",
                "building_height": 34.7,
                "building_id": "G33",
                "elevation_at_bottom": 7.5,
                "floor_area": 507.5,
                "land_use_detailed_type": "to be defined",
                "land_use_suggested": "- to be defined -",
                "number_of_stories": 7,
                "city_scope_id": "B-33"
            },
            "geometry": {
                "type": "Polygon",
                "coordinates": [
                    [
                        [
                            10.016717800057364,
                            53.53240938071258,
                            7.5
                        ],
                        [
                            10.01682088754763,
                            53.532524327856535,
                            7.5
                        ],
                        [
                            10.017286594955399,
                            53.5323760656268,
                            7.5
                        ],
                        [
                            10.017183491489869,
                            53.53226111901406,
                            7.5
                        ],
                        [
                            10.016717800057364,
                            53.53240938071258,
                            7.5
                        ]
                    ]
                ]
            }
        },
        {
            "type": "Feature",
            "properties": {
                "id": null,
                "AOG": null,
                "GFK": null,
                "WGF": null,
                "area_planning_type": "unknown land use type",
                "building_height": 34.7,
                "building_id": "G34",
                "elevation_at_bottom": 7.5,
                "floor_area": 541.02,
                "land_use_detailed_type": "to be defined",
                "land_use_suggested": "- to be defined -",
                "number_of_stories": 7,
                "city_scope_id": "B-34"
            },
            "geometry": {
                "type": "Polygon",
                "coordinates": [
                    [
                        [
                            10.016804407881104,
                            53.53187171107212,
                            7.5
                        ],
                        [
                            10.016615176530754,
                            53.53193709732441,
                            7.5
                        ],
                        [
                            10.016897596423965,
                            53.53222719908797,
                            7.5
                        ],
                        [
                            10.017086813320947,
                            53.53216180352895,
                            7.5
                        ],
                        [
                            10.016804407881104,
                            53.53187171107212,
                            7.5
                        ]
                    ]
                ]
            }
        },
        {
            "type": "Feature",
            "properties": {
                "id": null,
                "AOG": null,
                "GFK": null,
                "WGF": null,
                "area_planning_type": "unknown land use type",
                "building_height": 34.7,
                "building_id": "G35",
                "elevation_at_bottom": 7.5,
                "floor_area": 580.03,
                "land_use_detailed_type": "to be defined",
                "land_use_suggested": "- to be defined -",
                "number_of_stories": 7,
                "city_scope_id": "B-35"
            },
            "geometry": {
                "type": "Polygon",
                "coordinates": [
                    [
                        [
                            10.016649231553307,
                            53.53171232453775,
                            7.5
                        ],
                        [
                            10.016127236910583,
                            53.53189270407969,
                            7.5
                        ],
                        [
                            10.016236997817213,
                            53.53200544663438,
                            7.5
                        ],
                        [
                            10.016758993367473,
                            53.531825066612356,
                            7.5
                        ],
                        [
                            10.016649231553307,
                            53.53171232453775,
                            7.5
                        ]
                    ]
                ]
            }
        },
        {
            "type": "Feature",
            "properties": {
                "id": null,
                "AOG": null,
                "GFK": null,
                "WGF": null,
                "area_planning_type": "unknown land use type",
                "building_height": 34.7,
                "building_id": "G36",
                "elevation_at_bottom": 7.5,
                "floor_area": 556.82,
                "land_use_detailed_type": "to be defined",
                "land_use_suggested": "- to be defined -",
                "number_of_stories": 7,
                "city_scope_id": "B-36"
            },
            "geometry": {
                "type": "Polygon",
                "coordinates": [
                    [
                        [
                            10.016263429349065,
                            53.53131600550363,
                            7.5
                        ],
                        [
                            10.016082861777232,
                            53.53139029733824,
                            7.5
                        ],
                        [
                            10.01636918756774,
                            53.531684412223434,
                            7.5
                        ],
                        [
                            10.016558403096264,
                            53.53161902648943,
                            7.5
                        ],
                        [
                            10.016263429349065,
                            53.53131600550363,
                            7.5
                        ]
                    ]
                ]
            }
        },
        {
            "type": "Feature",
            "properties": {
                "id": null,
                "AOG": null,
                "GFK": null,
                "WGF": null,
                "area_planning_type": "unknown land use type",
                "building_height": 44.3,
                "building_id": "G37",
                "elevation_at_bottom": 7.5,
                "floor_area": 974.3,
                "land_use_detailed_type": "to be defined",
                "land_use_suggested": "- to be defined -",
                "number_of_stories": 10,
                "city_scope_id": "B-37"
            },
            "geometry": {
                "type": "Polygon",
                "coordinates": [
                    [
                        [
                            10.015261171394071,
                            53.53172837025864,
                            7.5
                        ],
                        [
                            10.015380855650978,
                            53.5318757360042,
                            7.5
                        ],
                        [
                            10.01607010233657,
                            53.5315921647172,
                            7.5
                        ],
                        [
                            10.015915799693138,
                            53.53145903578208,
                            7.5
                        ],
                        [
                            10.015261171394071,
                            53.53172837025864,
                            7.5
                        ]
                    ]
                ]
            }
        },
        {
            "type": "Feature",
            "properties": {
                "id": null,
                "AOG": null,
                "GFK": null,
                "WGF": null,
                "area_planning_type": "unknown land use type",
                "building_height": 50.7,
                "building_id": "G38",
                "elevation_at_bottom": 7.5,
                "floor_area": 400.01,
                "land_use_detailed_type": "to be defined",
                "land_use_suggested": "- to be defined -",
                "number_of_stories": 12,
                "city_scope_id": "B-38"
            },
            "geometry": {
                "type": "Polygon",
                "coordinates": [
                    [
                        [
                            10.015591170325937,
                            53.53213463191782,
                            7.5
                        ],
                        [
                            10.015459717694851,
                            53.53197282206589,
                            7.5
                        ],
                        [
                            10.015188127785501,
                            53.53205113054038,
                            7.5
                        ],
                        [
                            10.015319579631528,
                            53.532212940692474,
                            7.5
                        ],
                        [
                            10.015591170325937,
                            53.53213463191782,
                            7.5
                        ]
                    ]
                ]
            }
        },
        {
            "type": "Feature",
            "properties": {
                "id": null,
                "AOG": null,
                "GFK": null,
                "WGF": null,
                "area_planning_type": "unknown land use type",
                "building_height": 34.7,
                "building_id": "G39",
                "elevation_at_bottom": 7.5,
                "floor_area": 580,
                "land_use_detailed_type": "to be defined",
                "land_use_suggested": "- to be defined -",
                "number_of_stories": 7,
                "city_scope_id": "B-39"
            },
            "geometry": {
                "type": "Polygon",
                "coordinates": [
                    [
                        [
                            10.016036919105694,
                            53.53227071448637,
                            7.5
                        ],
                        [
                            10.015941623279835,
                            53.532153399277,
                            7.5
                        ],
                        [
                            10.015398442172417,
                            53.53231002678689,
                            7.5
                        ],
                        [
                            10.01549373664486,
                            53.532427333444254,
                            7.5
                        ],
                        [
                            10.016036919105694,
                            53.53227071448637,
                            7.5
                        ]
                    ]
                ]
            }
        },
        {
            "type": "Feature",
            "properties": {
                "id": null,
                "AOG": null,
                "GFK": null,
                "WGF": null,
                "area_planning_type": "unknown land use type",
                "building_height": 34.7,
                "building_id": "G40",
                "elevation_at_bottom": 7.5,
                "floor_area": 565.52,
                "land_use_detailed_type": "to be defined",
                "land_use_suggested": "- to be defined -",
                "number_of_stories": 7,
                "city_scope_id": "B-40"
            },
            "geometry": {
                "type": "Polygon",
                "coordinates": [
                    [
                        [
                            10.01734427233753,
                            53.53196049709745,
                            7.5
                        ],
                        [
                            10.017639474446874,
                            53.53226372023601,
                            7.5
                        ],
                        [
                            10.017828705647574,
                            53.53219833236678,
                            7.5
                        ],
                        [
                            10.017533502653373,
                            53.5318951096963,
                            7.5
                        ],
                        [
                            10.01734427233753,
                            53.53196049709745,
                            7.5
                        ]
                    ]
                ]
            }
        },
        {
            "type": "Feature",
            "properties": {
                "id": null,
                "AOG": null,
                "GFK": null,
                "WGF": null,
                "area_planning_type": "unknown land use type",
                "building_height": 34.7,
                "building_id": "G43",
                "elevation_at_bottom": 7.5,
                "floor_area": 725,
                "land_use_detailed_type": "to be defined",
                "land_use_suggested": "- to be defined -",
                "number_of_stories": 7,
                "city_scope_id": "B-43"
            },
            "geometry": {
                "type": "Polygon",
                "coordinates": [
                    [
                        [
                            10.017799913250489,
                            53.53134684805193,
                            7.5
                        ],
                        [
                            10.01790301612502,
                            53.5314617941531,
                            7.5
                        ],
                        [
                            10.018568267992084,
                            53.53124999234753,
                            7.5
                        ],
                        [
                            10.018465178929743,
                            53.53113504669348,
                            7.5
                        ],
                        [
                            10.017799913250489,
                            53.53134684805193,
                            7.5
                        ]
                    ]
                ]
            }
        },
        {
            "type": "Feature",
            "properties": {
                "id": null,
                "AOG": null,
                "GFK": null,
                "WGF": null,
                "area_planning_type": "unknown land use type",
                "building_height": 50.7,
                "building_id": "G44",
                "elevation_at_bottom": 7.5,
                "floor_area": 400,
                "land_use_detailed_type": "to be defined",
                "land_use_suggested": "- to be defined -",
                "number_of_stories": 12,
                "city_scope_id": "B-44"
            },
            "geometry": {
                "type": "Polygon",
                "coordinates": [
                    [
                        [
                            10.0175762463347,
                            53.53113303276188,
                            7.5
                        ],
                        [
                            10.017747699923886,
                            53.53128095337734,
                            7.5
                        ],
                        [
                            10.017995956681922,
                            53.531178801005176,
                            7.5
                        ],
                        [
                            10.017824502649544,
                            53.531030880745284,
                            7.5
                        ],
                        [
                            10.0175762463347,
                            53.53113303276188,
                            7.5
                        ]
                    ]
                ]
            }
        },
        {
            "type": "Feature",
            "properties": {
                "id": null,
                "AOG": null,
                "GFK": null,
                "WGF": null,
                "area_planning_type": "unknown land use type",
                "building_height": 44.3,
                "building_id": "G45",
                "elevation_at_bottom": 7.5,
                "floor_area": 1220.42,
                "land_use_detailed_type": "to be defined",
                "land_use_suggested": "- to be defined -",
                "number_of_stories": 10,
                "city_scope_id": "B-45"
            },
            "geometry": {
                "type": "Polygon",
                "coordinates": [
                    [
                        [
                            10.016723841776708,
                            53.53132318390816,
                            7.5
                        ],
                        [
                            10.01757430185823,
                            53.530973260141344,
                            7.5
                        ],
                        [
                            10.01741999679774,
                            53.53084013314521,
                            7.5
                        ],
                        [
                            10.016587182332662,
                            53.531182795475736,
                            7.5
                        ],
                        [
                            10.016723841776708,
                            53.53132318390816,
                            7.5
                        ]
                    ]
                ]
            }
        },
        {
            "type": "Feature",
            "properties": {
                "id": null,
                "AOG": null,
                "GFK": null,
                "WGF": null,
                "area_planning_type": "unknown land use type",
                "building_height": 34.7,
                "building_id": "G46",
                "elevation_at_bottom": 7.5,
                "floor_area": 571.86,
                "land_use_detailed_type": "to be defined",
                "land_use_suggested": "- to be defined -",
                "number_of_stories": 7,
                "city_scope_id": "B-46"
            },
            "geometry": {
                "type": "Polygon",
                "coordinates": [
                    [
                        [
                            10.01709827891613,
                            53.53170781351823,
                            7.5
                        ],
                        [
                            10.017287508494599,
                            53.53164242650714,
                            7.5
                        ],
                        [
                            10.016988987666213,
                            53.53133578792027,
                            7.5
                        ],
                        [
                            10.016799774066902,
                            53.53140117432975,
                            7.5
                        ],
                        [
                            10.01709827891613,
                            53.53170781351823,
                            7.5
                        ]
                    ]
                ]
            }
        },
        {
            "type": "Feature",
            "properties": {
                "id": null,
                "AOG": null,
                "GFK": null,
                "WGF": null,
                "area_planning_type": "unknown land use type",
                "building_height": 34.7,
                "building_id": "G47",
                "elevation_at_bottom": 7.5,
                "floor_area": 580.01,
                "land_use_detailed_type": "to be defined",
                "land_use_suggested": "- to be defined -",
                "number_of_stories": 7,
                "city_scope_id": "B-47"
            },
            "geometry": {
                "type": "Polygon",
                "coordinates": [
                    [
                        [
                            10.01718910874709,
                            53.53180111114868,
                            7.5
                        ],
                        [
                            10.017298857137009,
                            53.53191385284663,
                            7.5
                        ],
                        [
                            10.017820846992235,
                            53.531733468212515,
                            7.5
                        ],
                        [
                            10.017711097694779,
                            53.53162072699458,
                            7.5
                        ],
                        [
                            10.01718910874709,
                            53.53180111114868,
                            7.5
                        ]
                    ]
                ]
            }
        },
        {
            "type": "Feature",
            "properties": {
                "id": null,
                "AOG": null,
                "GFK": null,
                "WGF": null,
                "area_planning_type": "unknown land use type",
                "building_height": 29.9,
                "building_id": "G48A",
                "elevation_at_bottom": 5,
                "floor_area": 3250.22,
                "land_use_detailed_type": "specialUse",
                "land_use_suggested": "sports hall",
                "number_of_stories": 5,
                "city_scope_id": "B-48-A"
            },
            "geometry": {
                "type": "Polygon",
                "coordinates": [
                    [
                        [
                            10.016828182783433,
                            53.530155532286116,
                            0
                        ],
                        [
                            10.016828181883415,
                            53.53015553158576,
                            0
                        ],
                        [
                            10.01682818087251,
                            53.53015553094133,
                            0
                        ],
                        [
                            10.01682817976046,
                            53.53015553035906,
                            0
                        ],
                        [
                            10.016828178557969,
                            53.53015552984453,
                            0
                        ],
                        [
                            10.016828177276622,
                            53.5301555294027,
                            0
                        ],
                        [
                            10.01682817592876,
                            53.53015552903784,
                            0
                        ],
                        [
                            10.016828174527364,
                            53.53015552875344,
                            0
                        ],
                        [
                            10.016828173085932,
                            53.53015552855227,
                            0
                        ],
                        [
                            10.016828171618341,
                            53.53015552843624,
                            0
                        ],
                        [
                            10.01682817013873,
                            53.53015552840649,
                            0
                        ],
                        [
                            10.016828168661352,
                            53.53015552846329,
                            0
                        ],
                        [
                            10.016828167200432,
                            53.530155528606095,
                            0
                        ],
                        [
                            10.016828165770036,
                            53.530155528833525,
                            0
                        ],
                        [
                            10.016828164383949,
                            53.53015552914341,
                            0
                        ],
                        [
                            10.016828163055514,
                            53.53015552953275,
                            0
                        ],
                        [
                            10.016828161797527,
                            53.5301555299978,
                            0
                        ],
                        [
                            10.016704027689578,
                            53.53020660959434,
                            0
                        ],
                        [
                            10.01670402768949,
                            53.53020660959437,
                            0
                        ],
                        [
                            10.016294393241882,
                            53.530375157785386,
                            0
                        ],
                        [
                            10.016294393241783,
                            53.530375157785436,
                            0
                        ],
                        [
                            10.016207502913312,
                            53.530410908599386,
                            0
                        ],
                        [
                            10.016207501737867,
                            53.53041090913562,
                            0
                        ],
                        [
                            10.016207500656298,
                            53.53041090973791,
                            0
                        ],
                        [
                            10.016207499679025,
                            53.53041091040047,
                            0
                        ],
                        [
                            10.016207498815454,
                            53.5304109111169,
                            0
                        ],
                        [
                            10.016207498073904,
                            53.53041091188033,
                            0
                        ],
                        [
                            10.016207497461515,
                            53.53041091268337,
                            0
                        ],
                        [
                            10.016207496984185,
                            53.53041091351832,
                            0
                        ],
                        [
                            10.016207496646512,
                            53.53041091437713,
                            0
                        ],
                        [
                            10.016207496451747,
                            53.53041091525152,
                            0
                        ],
                        [
                            10.016207496401764,
                            53.530410916133064,
                            0
                        ],
                        [
                            10.01620749649705,
                            53.53041091701329,
                            0
                        ],
                        [
                            10.016207496736682,
                            53.530410917883714,
                            0
                        ],
                        [
                            10.016207497118355,
                            53.53041091873595,
                            0
                        ],
                        [
                            10.01620749763839,
                            53.53041091956181,
                            0
                        ],
                        [
                            10.016207498291783,
                            53.530410920353305,
                            0
                        ],
                        [
                            10.016207499072237,
                            53.53041092110283,
                            0
                        ],
                        [
                            10.016764698518953,
                            53.530891655274345,
                            0
                        ],
                        [
                            10.016764699418971,
                            53.530891655974685,
                            0
                        ],
                        [
                            10.016764700429869,
                            53.530891656619076,
                            0
                        ],
                        [
                            10.016764701541911,
                            53.53089165720136,
                            0
                        ],
                        [
                            10.016764702744386,
                            53.53089165771587,
                            0
                        ],
                        [
                            10.016764704025714,
                            53.53089165815768,
                            0
                        ],
                        [
                            10.016764705373557,
                            53.53089165852254,
                            0
                        ],
                        [
                            10.016764706774936,
                            53.53089165880692,
                            0
                        ],
                        [
                            10.016764708216348,
                            53.53089165900812,
                            0
                        ],
                        [
                            10.016764709683919,
                            53.530891659124144,
                            0
                        ],
                        [
                            10.01676471116351,
                            53.530891659153916,
                            0
                        ],
                        [
                            10.016764712640878,
                            53.53089165909715,
                            0
                        ],
                        [
                            10.01676471410179,
                            53.53089165895436,
                            0
                        ],
                        [
                            10.016764715532176,
                            53.530891658726944,
                            0
                        ],
                        [
                            10.016764716918267,
                            53.53089165841711,
                            0
                        ],
                        [
                            10.016764718246707,
                            53.53089165802782,
                            0
                        ],
                        [
                            10.016764719504707,
                            53.5308916575628,
                            0
                        ],
                        [
                            10.016851610337367,
                            53.530855906344364,
                            0
                        ],
                        [
                            10.016851610337499,
                            53.53085590634431,
                            0
                        ],
                        [
                            10.017261262246059,
                            53.53068735611809,
                            0
                        ],
                        [
                            10.017261262246139,
                            53.53068735611805,
                            0
                        ],
                        [
                            10.017261262246247,
                            53.53068735611801,
                            0
                        ],
                        [
                            10.017385382206166,
                            53.53063628505898,
                            0
                        ],
                        [
                            10.017385383381578,
                            53.530636284522735,
                            0
                        ],
                        [
                            10.017385384463118,
                            53.53063628392043,
                            0
                        ],
                        [
                            10.017385385440361,
                            53.53063628325788,
                            0
                        ],
                        [
                            10.017385386303904,
                            53.53063628254142,
                            0
                        ],
                        [
                            10.017385387045424,
                            53.530636281778,
                            0
                        ],
                        [
                            10.017385387657786,
                            53.53063628097496,
                            0
                        ],
                        [
                            10.017385388135088,
                            53.53063628014001,
                            0
                        ],
                        [
                            10.017385388472736,
                            53.53063627928122,
                            0
                        ],
                        [
                            10.017385388667478,
                            53.53063627840684,
                            0
                        ],
                        [
                            10.017385388717438,
                            53.5306362775253,
                            0
                        ],
                        [
                            10.017385388622133,
                            53.530636276645076,
                            0
                        ],
                        [
                            10.017385388382484,
                            53.530636275774654,
                            0
                        ],
                        [
                            10.017385388000799,
                            53.53063627492244,
                            0
                        ],
                        [
                            10.01738538748075,
                            53.530636274096615,
                            0
                        ],
                        [
                            10.01738538682735,
                            53.530636273305134,
                            0
                        ],
                        [
                            10.017385386046886,
                            53.53063627255562,
                            0
                        ],
                        [
                            10.016828182783433,
                            53.530155532286116,
                            0
                        ]
                    ]
                ]
            }
        },
        {
            "type": "Feature",
            "properties": {
                "id": null,
                "AOG": null,
                "GFK": null,
                "WGF": null,
                "area_planning_type": "unknown land use type",
                "building_height": 44.1,
                "building_id": "G49",
                "elevation_at_bottom": 5,
                "floor_area": 4375.37,
                "land_use_detailed_type": "to be defined",
                "land_use_suggested": "- to be defined -",
                "number_of_stories": 9,
                "city_scope_id": "B-49"
            },
            "geometry": {
                "type": "Polygon",
                "coordinates": [
                    [
                        [
                            10.017479362532141,
                            53.53046429061512,
                            5
                        ],
                        [
                            10.018036669459716,
                            53.530945098899224,
                            5
                        ],
                        [
                            10.018945300730579,
                            53.530571226572086,
                            5
                        ],
                        [
                            10.018241596472567,
                            53.53015065536734,
                            5
                        ],
                        [
                            10.017479362532141,
                            53.53046429061512,
                            5
                        ]
                    ]
                ]
            }
        },
        {
            "type": "Feature",
            "properties": {
                "id": null,
                "AOG": null,
                "GFK": null,
                "WGF": null,
                "area_planning_type": "unknown land use type",
                "building_height": 95.3,
                "building_id": "G50",
                "elevation_at_bottom": 5,
                "floor_area": 1938.11,
                "land_use_detailed_type": "to be defined",
                "land_use_suggested": "- to be defined -",
                "number_of_stories": 22,
                "city_scope_id": "B-50"
            },
            "geometry": {
                "type": "Polygon",
                "coordinates": [
                    [
                        [
                            10.01746036937258,
                            53.52992593830098,
                            0
                        ],
                        [
                            10.017087985114062,
                            53.53007916055924,
                            0
                        ],
                        [
                            10.017087983938657,
                            53.530079161095465,
                            0
                        ],
                        [
                            10.017087982857127,
                            53.53007916169775,
                            0
                        ],
                        [
                            10.017087981879886,
                            53.530079162360316,
                            0
                        ],
                        [
                            10.017087981016342,
                            53.530079163076735,
                            0
                        ],
                        [
                            10.017087980274814,
                            53.53007916384014,
                            0
                        ],
                        [
                            10.017087979662444,
                            53.530079164643176,
                            0
                        ],
                        [
                            10.017087979185126,
                            53.53007916547812,
                            0
                        ],
                        [
                            10.017087978847456,
                            53.5300791663369,
                            0
                        ],
                        [
                            10.017087978652691,
                            53.53007916721126,
                            0
                        ],
                        [
                            10.017087978602701,
                            53.530079168092804,
                            0
                        ],
                        [
                            10.01708797869797,
                            53.53007916897302,
                            0
                        ],
                        [
                            10.017087978937582,
                            53.530079169843425,
                            0
                        ],
                        [
                            10.017087979319227,
                            53.53007917069564,
                            0
                        ],
                        [
                            10.017087979839232,
                            53.53007917152147,
                            0
                        ],
                        [
                            10.017087980492587,
                            53.53007917231298,
                            0
                        ],
                        [
                            10.017087981272999,
                            53.53007917306248,
                            0
                        ],
                        [
                            10.017430862570905,
                            53.530375015674146,
                            0
                        ],
                        [
                            10.017430862571219,
                            53.5303750156744,
                            0
                        ],
                        [
                            10.01743086257144,
                            53.53037501567461,
                            0
                        ],
                        [
                            10.017516594957952,
                            53.53044897607186,
                            0
                        ],
                        [
                            10.017516595857991,
                            53.53044897677217,
                            0
                        ],
                        [
                            10.017516596868902,
                            53.53044897741653,
                            0
                        ],
                        [
                            10.017516597980945,
                            53.53044897799876,
                            0
                        ],
                        [
                            10.017516599183415,
                            53.53044897851325,
                            0
                        ],
                        [
                            10.017516600464733,
                            53.530448978955015,
                            0
                        ],
                        [
                            10.017516601812554,
                            53.53044897931984,
                            0
                        ],
                        [
                            10.017516603213906,
                            53.53044897960421,
                            0
                        ],
                        [
                            10.017516604655285,
                            53.530448979805364,
                            0
                        ],
                        [
                            10.017516606122818,
                            53.530448979921374,
                            0
                        ],
                        [
                            10.017516607602369,
                            53.53044897995112,
                            0
                        ],
                        [
                            10.017516609079689,
                            53.53044897989432,
                            0
                        ],
                        [
                            10.017516610540554,
                            53.53044897975154,
                            0
                        ],
                        [
                            10.017516611970892,
                            53.53044897952411,
                            0
                        ],
                        [
                            10.01751661335693,
                            53.53044897921425,
                            0
                        ],
                        [
                            10.017516614685324,
                            53.53044897882495,
                            0
                        ],
                        [
                            10.017516615943276,
                            53.53044897835994,
                            0
                        ],
                        [
                            10.01809639298977,
                            53.53021041795311,
                            0
                        ],
                        [
                            10.018096394165166,
                            53.530210417416875,
                            0
                        ],
                        [
                            10.018096395246683,
                            53.53021041681456,
                            0
                        ],
                        [
                            10.018096396223909,
                            53.530210416152016,
                            0
                        ],
                        [
                            10.018096397087435,
                            53.53021041543556,
                            0
                        ],
                        [
                            10.018096397828943,
                            53.530210414672155,
                            0
                        ],
                        [
                            10.018096398441292,
                            53.5302104138691,
                            0
                        ],
                        [
                            10.018096398918587,
                            53.53021041303417,
                            0
                        ],
                        [
                            10.018096399256228,
                            53.53021041217537,
                            0
                        ],
                        [
                            10.018096399450968,
                            53.530210411300985,
                            0
                        ],
                        [
                            10.018096399500928,
                            53.53021041041946,
                            0
                        ],
                        [
                            10.018096399405625,
                            53.530210409539244,
                            0
                        ],
                        [
                            10.018096399165984,
                            53.53021040866883,
                            0
                        ],
                        [
                            10.018096398784307,
                            53.53021040781662,
                            0
                        ],
                        [
                            10.018096398264271,
                            53.5302104069908,
                            0
                        ],
                        [
                            10.018096397610885,
                            53.53021040619931,
                            0
                        ],
                        [
                            10.018096396830439,
                            53.530210405449786,
                            0
                        ],
                        [
                            10.01809639593045,
                            53.53021040474946,
                            0
                        ],
                        [
                            10.018096394919588,
                            53.53021040410508,
                            0
                        ],
                        [
                            10.018096393807582,
                            53.53021040352281,
                            0
                        ],
                        [
                            10.018096392605148,
                            53.5302104030083,
                            0
                        ],
                        [
                            10.018096391323862,
                            53.53021040256647,
                            0
                        ],
                        [
                            10.018096389976062,
                            53.53021040220161,
                            0
                        ],
                        [
                            10.018096388574728,
                            53.530210401917216,
                            0
                        ],
                        [
                            10.018096387133356,
                            53.53021040171602,
                            0
                        ],
                        [
                            10.017913664573408,
                            53.53019047432437,
                            0
                        ],
                        [
                            10.017559693263062,
                            53.52988507632402,
                            0
                        ],
                        [
                            10.017559692363028,
                            53.52988507562366,
                            0
                        ],
                        [
                            10.01755969135211,
                            53.52988507497925,
                            0
                        ],
                        [
                            10.017559690240045,
                            53.52988507439697,
                            0
                        ],
                        [
                            10.01755968903754,
                            53.529885073882426,
                            0
                        ],
                        [
                            10.01755968775618,
                            53.5298850734406,
                            0
                        ],
                        [
                            10.017559686408301,
                            53.52988507307576,
                            0
                        ],
                        [
                            10.01755968500689,
                            53.52988507279137,
                            0
                        ],
                        [
                            10.017559683565443,
                            53.52988507259021,
                            0
                        ],
                        [
                            10.017559682097845,
                            53.529885072474194,
                            0
                        ],
                        [
                            10.017559680618223,
                            53.52988507244445,
                            0
                        ],
                        [
                            10.017559679140836,
                            53.52988507250125,
                            0
                        ],
                        [
                            10.01755967767991,
                            53.52988507264408,
                            0
                        ],
                        [
                            10.017559676249515,
                            53.52988507287154,
                            0
                        ],
                        [
                            10.017559674863431,
                            53.52988507318143,
                            0
                        ],
                        [
                            10.017559673535002,
                            53.529885073570796,
                            0
                        ],
                        [
                            10.017559672277027,
                            53.529885074035874,
                            0
                        ],
                        [
                            10.017460369372621,
                            53.529925938300956,
                            0
                        ],
                        [
                            10.01746036937258,
                            53.52992593830098,
                            0
                        ]
                    ]
                ]
            }
        },
        {
            "type": "Feature",
            "properties": {
                "id": null,
                "AOG": null,
                "GFK": null,
                "WGF": null,
                "area_planning_type": "unknown land use type",
                "building_height": 28.1,
                "building_id": "G51",
                "elevation_at_bottom": 5,
                "floor_area": 8942.69,
                "land_use_detailed_type": "to be defined",
                "land_use_suggested": "- to be defined -",
                "number_of_stories": 4,
                "city_scope_id": "B-51"
            },
            "geometry": {
                "type": "Polygon",
                "coordinates": [
                    [
                        [
                            10.006878341193644,
                            53.533287432550566,
                            5
                        ],
                        [
                            10.009373787547693,
                            53.53226097026074,
                            5
                        ],
                        [
                            10.008992468528245,
                            53.53193190006244,
                            5
                        ],
                        [
                            10.006497001923684,
                            53.532958354657474,
                            5
                        ],
                        [
                            10.006878341193644,
                            53.533287432550566,
                            5
                        ]
                    ]
                ]
            }
        },
        {
            "type": "Feature",
            "properties": {
                "id": null,
                "AOG": null,
                "GFK": null,
                "WGF": null,
                "area_planning_type": "unknown land use type",
                "building_height": 15.5,
                "building_id": "G52",
                "elevation_at_bottom": 5,
                "floor_area": 11505.87,
                "land_use_detailed_type": "to be defined",
                "land_use_suggested": "- to be defined -",
                "number_of_stories": 2,
                "city_scope_id": "B-52"
            },
            "geometry": {
                "type": "Polygon",
                "coordinates": [
                    [
                        [
                            10.0126546358746,
                            53.530425383416905,
                            0
                        ],
                        [
                            10.012654634699132,
                            53.53042538395311,
                            0
                        ],
                        [
                            10.01265463361753,
                            53.530425384555365,
                            0
                        ],
                        [
                            10.012654632640213,
                            53.53042538521788,
                            0
                        ],
                        [
                            10.012654631776595,
                            53.5304253859343,
                            0
                        ],
                        [
                            10.01265463103499,
                            53.530425386697694,
                            0
                        ],
                        [
                            10.012654630422544,
                            53.53042538750072,
                            0
                        ],
                        [
                            10.01265462994515,
                            53.53042538833566,
                            0
                        ],
                        [
                            10.01265462960741,
                            53.530425389194434,
                            0
                        ],
                        [
                            10.012654629412571,
                            53.5304253900688,
                            0
                        ],
                        [
                            10.012654629362515,
                            53.530425390950356,
                            0
                        ],
                        [
                            10.012654629457723,
                            53.53042539183057,
                            0
                        ],
                        [
                            10.012654629697277,
                            53.530425392701,
                            0
                        ],
                        [
                            10.01265463007887,
                            53.53042539355324,
                            0
                        ],
                        [
                            10.012654630598826,
                            53.53042539437909,
                            0
                        ],
                        [
                            10.01265463125214,
                            53.530425395170596,
                            0
                        ],
                        [
                            10.01265463203252,
                            53.530425395920155,
                            0
                        ],
                        [
                            10.012791762597864,
                            53.5305437232529,
                            0
                        ],
                        [
                            10.012243709687946,
                            53.53076918805734,
                            0
                        ],
                        [
                            10.012106579424112,
                            53.5306508508798,
                            0
                        ],
                        [
                            10.012106578524197,
                            53.530650850179384,
                            0
                        ],
                        [
                            10.012106577513382,
                            53.5306508495349,
                            0
                        ],
                        [
                            10.012106576401411,
                            53.53065084895256,
                            0
                        ],
                        [
                            10.012106575198985,
                            53.53065084843796,
                            0
                        ],
                        [
                            10.012106573917691,
                            53.530650847996036,
                            0
                        ],
                        [
                            10.01210657256987,
                            53.53065084763111,
                            0
                        ],
                        [
                            10.012106571168498,
                            53.53065084734665,
                            0
                        ],
                        [
                            10.012106569727074,
                            53.53065084714538,
                            0
                        ],
                        [
                            10.012106568259483,
                            53.53065084702926,
                            0
                        ],
                        [
                            10.012106566779854,
                            53.53065084699942,
                            0
                        ],
                        [
                            10.012106565302444,
                            53.53065084705614,
                            0
                        ],
                        [
                            10.01210656384148,
                            53.53065084719886,
                            0
                        ],
                        [
                            10.012106562411027,
                            53.53065084742621,
                            0
                        ],
                        [
                            10.012106561024867,
                            53.53065084773602,
                            0
                        ],
                        [
                            10.012106559696353,
                            53.53065084812528,
                            0
                        ],
                        [
                            10.012106558438271,
                            53.530650848590255,
                            0
                        ],
                        [
                            10.011672069815344,
                            53.53082959601847,
                            0
                        ],
                        [
                            10.011672068639852,
                            53.53082959655466,
                            0
                        ],
                        [
                            10.011672067558226,
                            53.53082959715692,
                            0
                        ],
                        [
                            10.011672066580886,
                            53.53082959781943,
                            0
                        ],
                        [
                            10.01167206571724,
                            53.53082959853583,
                            0
                        ],
                        [
                            10.011672064975613,
                            53.530829599299224,
                            0
                        ],
                        [
                            10.011672064363141,
                            53.530829600102244,
                            0
                        ],
                        [
                            10.011672063885724,
                            53.530829600937174,
                            0
                        ],
                        [
                            10.011672063547959,
                            53.53082960179595,
                            0
                        ],
                        [
                            10.0116720633531,
                            53.530829602670316,
                            0
                        ],
                        [
                            10.011672063303022,
                            53.530829603551865,
                            0
                        ],
                        [
                            10.011672063398212,
                            53.53082960443209,
                            0
                        ],
                        [
                            10.011672063637748,
                            53.53082960530251,
                            0
                        ],
                        [
                            10.011672064019326,
                            53.530829606154754,
                            0
                        ],
                        [
                            10.011672064539267,
                            53.53082960698062,
                            0
                        ],
                        [
                            10.011672065192569,
                            53.53082960777213,
                            0
                        ],
                        [
                            10.01167206597294,
                            53.530829608521685,
                            0
                        ],
                        [
                            10.011809197947658,
                            53.530947939407554,
                            0
                        ],
                        [
                            10.011260518243583,
                            53.53117365328026,
                            0
                        ],
                        [
                            10.011123390650104,
                            53.53105532486994,
                            0
                        ],
                        [
                            10.01112338975019,
                            53.531055324169564,
                            0
                        ],
                        [
                            10.011123388739389,
                            53.53105532352512,
                            0
                        ],
                        [
                            10.011123387627432,
                            53.531055322942805,
                            0
                        ],
                        [
                            10.011123386425036,
                            53.53105532242824,
                            0
                        ],
                        [
                            10.011123385143774,
                            53.53105532198635,
                            0
                        ],
                        [
                            10.011123383795988,
                            53.53105532162143,
                            0
                        ],
                        [
                            10.011123382394658,
                            53.53105532133696,
                            0
                        ],
                        [
                            10.011123380953274,
                            53.5310553211357,
                            0
                        ],
                        [
                            10.011123379485724,
                            53.531055321019586,
                            0
                        ],
                        [
                            10.01112337800614,
                            53.53105532098973,
                            0
                        ],
                        [
                            10.011123376528769,
                            53.53105532104643,
                            0
                        ],
                        [
                            10.011123375067834,
                            53.53105532118913,
                            0
                        ],
                        [
                            10.011123373637414,
                            53.53105532141645,
                            0
                        ],
                        [
                            10.01112337225128,
                            53.53105532172623,
                            0
                        ],
                        [
                            10.01112337092278,
                            53.53105532211545,
                            0
                        ],
                        [
                            10.011123369664706,
                            53.53105532258038,
                            0
                        ],
                        [
                            10.010688872522497,
                            53.53123405747498,
                            0
                        ],
                        [
                            10.010688871346943,
                            53.531234058011144,
                            0
                        ],
                        [
                            10.010688870265255,
                            53.53123405861339,
                            0
                        ],
                        [
                            10.010688869287852,
                            53.531234059275896,
                            0
                        ],
                        [
                            10.01068886842415,
                            53.531234059992286,
                            0
                        ],
                        [
                            10.010688867682461,
                            53.531234060755686,
                            0
                        ],
                        [
                            10.010688867069936,
                            53.531234061558706,
                            0
                        ],
                        [
                            10.010688866592469,
                            53.53123406239364,
                            0
                        ],
                        [
                            10.010688866254657,
                            53.53123406325243,
                            0
                        ],
                        [
                            10.010688866059759,
                            53.53123406412681,
                            0
                        ],
                        [
                            10.010688866009646,
                            53.53123406500836,
                            0
                        ],
                        [
                            10.010688866104804,
                            53.5312340658886,
                            0
                        ],
                        [
                            10.010688866344315,
                            53.53123406675903,
                            0
                        ],
                        [
                            10.010688866725875,
                            53.531234067611294,
                            0
                        ],
                        [
                            10.010688867245806,
                            53.53123406843718,
                            0
                        ],
                        [
                            10.010688867899102,
                            53.53123406922871,
                            0
                        ],
                        [
                            10.010688868679475,
                            53.531234069978275,
                            0
                        ],
                        [
                            10.010825998198397,
                            53.53135240108363,
                            0
                        ],
                        [
                            10.01027792434248,
                            53.53157785694443,
                            0
                        ],
                        [
                            10.010140795339924,
                            53.531459524980974,
                            0
                        ],
                        [
                            10.010140794440018,
                            53.53145952428059,
                            0
                        ],
                        [
                            10.010140793429223,
                            53.53145952363612,
                            0
                        ],
                        [
                            10.01014079231727,
                            53.53145952305379,
                            0
                        ],
                        [
                            10.010140791114873,
                            53.53145952253922,
                            0
                        ],
                        [
                            10.01014078983361,
                            53.53145952209733,
                            0
                        ],
                        [
                            10.010140788485819,
                            53.53145952173238,
                            0
                        ],
                        [
                            10.010140787084481,
                            53.531459521447914,
                            0
                        ],
                        [
                            10.010140785643088,
                            53.53145952124665,
                            0
                        ],
                        [
                            10.010140784175526,
                            53.53145952113052,
                            0
                        ],
                        [
                            10.01014078269593,
                            53.53145952110067,
                            0
                        ],
                        [
                            10.01014078121854,
                            53.53145952115734,
                            0
                        ],
                        [
                            10.010140779757592,
                            53.53145952130002,
                            0
                        ],
                        [
                            10.010140778327152,
                            53.53145952152733,
                            0
                        ],
                        [
                            10.010140776940995,
                            53.53145952183709,
                            0
                        ],
                        [
                            10.010140775612474,
                            53.53145952222631,
                            0
                        ],
                        [
                            10.010140774354378,
                            53.53145952269123,
                            0
                        ],
                        [
                            10.00970626891232,
                            53.531638254041525,
                            0
                        ],
                        [
                            10.00970626773674,
                            53.53163825457766,
                            0
                        ],
                        [
                            10.009706266655026,
                            53.5316382551799,
                            0
                        ],
                        [
                            10.0097062656776,
                            53.531638255842395,
                            0
                        ],
                        [
                            10.009706264813872,
                            53.531638256558786,
                            0
                        ],
                        [
                            10.009706264072161,
                            53.53163825732218,
                            0
                        ],
                        [
                            10.00970626345961,
                            53.531638258125184,
                            0
                        ],
                        [
                            10.009706262982117,
                            53.531638258960115,
                            0
                        ],
                        [
                            10.009706262644286,
                            53.53163825981889,
                            0
                        ],
                        [
                            10.009706262449363,
                            53.531638260693285,
                            0
                        ],
                        [
                            10.00970626239923,
                            53.53163826157483,
                            0
                        ],
                        [
                            10.009706262494369,
                            53.53163826245507,
                            0
                        ],
                        [
                            10.009706262733863,
                            53.53163826332551,
                            0
                        ],
                        [
                            10.009706263115406,
                            53.53163826417779,
                            0
                        ],
                        [
                            10.009706263635325,
                            53.531638265003664,
                            0
                        ],
                        [
                            10.009706264288608,
                            53.531638265795195,
                            0
                        ],
                        [
                            10.009706265068973,
                            53.531638266544775,
                            0
                        ],
                        [
                            10.009843404568068,
                            53.531756608599636,
                            0
                        ],
                        [
                            10.009843404568093,
                            53.53175660859966,
                            0
                        ],
                        [
                            10.010134830703663,
                            53.53200809614295,
                            0
                        ],
                        [
                            10.010134831603578,
                            53.532008096843356,
                            0
                        ],
                        [
                            10.010134832614389,
                            53.53200809748784,
                            0
                        ],
                        [
                            10.01013483372636,
                            53.53200809807017,
                            0
                        ],
                        [
                            10.010134834928783,
                            53.532008098584775,
                            0
                        ],
                        [
                            10.010134836210078,
                            53.53200809902668,
                            0
                        ],
                        [
                            10.010134837557901,
                            53.532008099391625,
                            0
                        ],
                        [
                            10.010134838959278,
                            53.53200809967611,
                            0
                        ],
                        [
                            10.010134840400708,
                            53.5320080998774,
                            0
                        ],
                        [
                            10.010134841868311,
                            53.53200809999351,
                            0
                        ],
                        [
                            10.010134843347954,
                            53.53200810002339,
                            0
                        ],
                        [
                            10.010134844825384,
                            53.53200809996671,
                            0
                        ],
                        [
                            10.010134846286377,
                            53.532008099824026,
                            0
                        ],
                        [
                            10.010134847716856,
                            53.5320080995967,
                            0
                        ],
                        [
                            10.010134849103052,
                            53.53200809928693,
                            0
                        ],
                        [
                            10.010134850431609,
                            53.532008098897705,
                            0
                        ],
                        [
                            10.010134851689733,
                            53.53200809843276,
                            0
                        ],
                        [
                            10.01351771408308,
                            53.53061646472397,
                            0
                        ],
                        [
                            10.013517715258558,
                            53.530616464187794,
                            0
                        ],
                        [
                            10.013517716340166,
                            53.530616463585524,
                            0
                        ],
                        [
                            10.013517717317487,
                            53.530616462923,
                            0
                        ],
                        [
                            10.013517718181111,
                            53.530616462206595,
                            0
                        ],
                        [
                            10.013517718922726,
                            53.53061646144321,
                            0
                        ],
                        [
                            10.01351771953518,
                            53.530616460640175,
                            0
                        ],
                        [
                            10.01351772001258,
                            53.53061645980525,
                            0
                        ],
                        [
                            10.013517720350327,
                            53.530616458946476,
                            0
                        ],
                        [
                            10.01351772054517,
                            53.5306164580721,
                            0
                        ],
                        [
                            10.013517720595233,
                            53.53061645719056,
                            0
                        ],
                        [
                            10.013517720500031,
                            53.53061645631034,
                            0
                        ],
                        [
                            10.013517720260484,
                            53.53061645543992,
                            0
                        ],
                        [
                            10.013517719878896,
                            53.53061645458768,
                            0
                        ],
                        [
                            10.013517719358942,
                            53.53061645376182,
                            0
                        ],
                        [
                            10.013517718705634,
                            53.53061645297031,
                            0
                        ],
                        [
                            10.013517717925257,
                            53.53061645222076,
                            0
                        ],
                        [
                            10.013226281516546,
                            53.5303649729133,
                            0
                        ],
                        [
                            10.013226281516443,
                            53.53036497291322,
                            0
                        ],
                        [
                            10.013226281516397,
                            53.53036497291318,
                            0
                        ],
                        [
                            10.01308913718305,
                            53.5302466347338,
                            0
                        ],
                        [
                            10.013089136283105,
                            53.530246634033425,
                            0
                        ],
                        [
                            10.013089135272276,
                            53.530246633388984,
                            0
                        ],
                        [
                            10.013089134160296,
                            53.53024663280667,
                            0
                        ],
                        [
                            10.013089132957875,
                            53.53024663229212,
                            0
                        ],
                        [
                            10.013089131676596,
                            53.53024663185025,
                            0
                        ],
                        [
                            10.01308913032879,
                            53.53024663148535,
                            0
                        ],
                        [
                            10.013089128927449,
                            53.53024663120092,
                            0
                        ],
                        [
                            10.01308912748606,
                            53.530246630999684,
                            0
                        ],
                        [
                            10.013089126018508,
                            53.53024663088361,
                            0
                        ],
                        [
                            10.013089124538928,
                            53.53024663085379,
                            0
                        ],
                        [
                            10.013089123061565,
                            53.530246630910526,
                            0
                        ],
                        [
                            10.01308912160065,
                            53.53024663105326,
                            0
                        ],
                        [
                            10.013089120170253,
                            53.53024663128064,
                            0
                        ],
                        [
                            10.013089118784148,
                            53.530246631590444,
                            0
                        ],
                        [
                            10.013089117455685,
                            53.530246631979715,
                            0
                        ],
                        [
                            10.013089116197659,
                            53.53024663244468,
                            0
                        ],
                        [
                            10.0126546358746,
                            53.530425383416905,
                            0
                        ]
                    ]
                ]
            }
        },
        {
            "type": "Feature",
            "properties": {
                "id": null,
                "AOG": null,
                "GFK": null,
                "WGF": null,
                "area_planning_type": "unknown land use type",
                "building_height": 95.3,
                "building_id": "G53",
                "elevation_at_bottom": 5,
                "floor_area": 1155.97,
                "land_use_detailed_type": "to be defined",
                "land_use_suggested": "- to be defined -",
                "number_of_stories": 18,
                "city_scope_id": "B-53"
            },
            "geometry": {
                "type": "Polygon",
                "coordinates": [
                    [
                        [
                            10.013808862176555,
                            53.5304966640997,
                            5
                        ],
                        [
                            10.014230938233455,
                            53.530323021031684,
                            5
                        ],
                        [
                            10.013939500088684,
                            53.53007156143511,
                            5
                        ],
                        [
                            10.013517440397056,
                            53.53024520334767,
                            5
                        ],
                        [
                            10.013808862176555,
                            53.5304966640997,
                            5
                        ]
                    ]
                ]
            }
        },
        {
            "type": "Feature",
            "properties": {
                "id": null,
                "AOG": null,
                "GFK": null,
                "WGF": null,
                "area_planning_type": "unknown land use type",
                "building_height": 36.5,
                "building_id": "G54",
                "elevation_at_bottom": 5,
                "floor_area": 6419.86,
                "land_use_detailed_type": "to be defined",
                "land_use_suggested": "- to be defined -",
                "number_of_stories": 6,
                "city_scope_id": "B-54"
            },
            "geometry": {
                "type": "Polygon",
                "coordinates": [
                    [
                        [
                            10.006205892860711,
                            53.532794067223975,
                            5
                        ],
                        [
                            10.00886269539863,
                            53.53170128480869,
                            5
                        ],
                        [
                            10.008605566844137,
                            53.53147939341636,
                            5
                        ],
                        [
                            10.005948771427438,
                            53.53257217012511,
                            5
                        ],
                        [
                            10.006205892860711,
                            53.532794067223975,
                            5
                        ]
                    ]
                ]
            }
        },
        {
            "type": "Feature",
            "properties": {
                "id": null,
                "AOG": null,
                "GFK": null,
                "WGF": null,
                "area_planning_type": "unknown land use type",
                "building_height": 28.1,
                "building_id": "G55",
                "elevation_at_bottom": 7.5,
                "floor_area": 21685.45,
                "land_use_detailed_type": "to be defined",
                "land_use_suggested": "- to be defined -",
                "number_of_stories": 5,
                "city_scope_id": "B-55"
            },
            "geometry": {
                "type": "Polygon",
                "coordinates": [
                    [
                        [
                            10.009483433036163,
                            53.53144595295617,
                            7.5
                        ],
                        [
                            10.01286625738247,
                            53.53005433778437,
                            7.5
                        ],
                        [
                            10.011936282901,
                            53.52925184129363,
                            7.5
                        ],
                        [
                            10.011183863437106,
                            53.529561380115624,
                            7.5
                        ],
                        [
                            10.009191029161155,
                            53.5311936271147,
                            7.5
                        ],
                        [
                            10.009483433036163,
                            53.53144595295617,
                            7.5
                        ]
                    ]
                ]
            }
        },
        {
            "type": "Feature",
            "properties": {
                "id": null,
                "AOG": null,
                "GFK": null,
                "WGF": null,
                "area_planning_type": "unknown land use type",
                "building_height": 28.1,
                "building_id": "G56",
                "elevation_at_bottom": 5,
                "floor_area": 5527.7,
                "land_use_detailed_type": "to be defined",
                "land_use_suggested": "- to be defined -",
                "number_of_stories": 5,
                "city_scope_id": "B-56"
            },
            "geometry": {
                "type": "Polygon",
                "coordinates": [
                    [
                        [
                            10.012614534190059,
                            53.528683349355454,
                            5
                        ],
                        [
                            10.01073221321984,
                            53.52863576839057,
                            5
                        ],
                        [
                            10.01079073773838,
                            53.52886593235461,
                            5
                        ],
                        [
                            10.010732486716636,
                            53.529457624743955,
                            5
                        ],
                        [
                            10.012614534190059,
                            53.528683349355454,
                            5
                        ]
                    ]
                ]
            }
        },
        {
            "type": "Feature",
            "properties": {
                "id": null,
                "AOG": null,
                "GFK": null,
                "WGF": null,
                "area_planning_type": "unknown land use type",
                "building_height": 28.1,
                "building_id": "G57",
                "elevation_at_bottom": 7.5,
                "floor_area": 6193.29,
                "land_use_detailed_type": "to be defined",
                "land_use_suggested": "- to be defined -",
                "number_of_stories": 6,
                "city_scope_id": "B-57"
            },
            "geometry": {
                "type": "Polygon",
                "coordinates": [
                    [
                        [
                            10.012202589940642,
                            53.52825654109777,
                            7.5
                        ],
                        [
                            10.011323691798829,
                            53.52730092855511,
                            7.5
                        ],
                        [
                            10.011085586737638,
                            53.527378683941926,
                            7.5
                        ],
                        [
                            10.01097641756178,
                            53.5276976482682,
                            7.5
                        ],
                        [
                            10.010807271576722,
                            53.52792379532912,
                            7.5
                        ],
                        [
                            10.010718942485102,
                            53.528139874444825,
                            7.5
                        ],
                        [
                            10.010703862346896,
                            53.52829283354707,
                            7.5
                        ],
                        [
                            10.012202589940642,
                            53.52825654109777,
                            7.5
                        ]
                    ]
                ]
            }
        },
        {
            "type": "Feature",
            "properties": {
                "id": null,
                "AOG": null,
                "GFK": null,
                "WGF": null,
                "area_planning_type": "unknown land use type",
                "building_height": 95.3,
                "building_id": "G58A",
                "elevation_at_bottom": 7.5,
                "floor_area": 1198.52,
                "land_use_detailed_type": "to be defined",
                "land_use_suggested": "- to be defined -",
                "number_of_stories": 19,
                "city_scope_id": "B-58-A"
            },
            "geometry": {
                "type": "Polygon",
                "coordinates": [
                    [
                        [
                            10.013153979172321,
                            53.52830343322432,
                            7.5
                        ],
                        [
                            10.013775709869748,
                            53.52810040443684,
                            7.5
                        ],
                        [
                            10.01359084143467,
                            53.52789941270634,
                            7.5
                        ],
                        [
                            10.01296909768855,
                            53.52810244065753,
                            7.5
                        ],
                        [
                            10.013153979172321,
                            53.52830343322432,
                            7.5
                        ]
                    ]
                ]
            }
        },
        {
            "type": "Feature",
            "properties": {
                "id": null,
                "AOG": null,
                "GFK": null,
                "WGF": null,
                "area_planning_type": "unknown land use type",
                "building_height": 32.3,
                "building_id": "G58B",
                "elevation_at_bottom": 7.5,
                "floor_area": 4314.57,
                "land_use_detailed_type": "to be defined",
                "land_use_suggested": "- to be defined -",
                "number_of_stories": 5,
                "city_scope_id": "B-58-B"
            },
            "geometry": {
                "type": "Polygon",
                "coordinates": [
                    [
                        [
                            10.01296909768855,
                            53.52810244065753,
                            7.5
                        ],
                        [
                            10.01359084143467,
                            53.52789941270634,
                            7.5
                        ],
                        [
                            10.012925323902595,
                            53.52717585262038,
                            7.5
                        ],
                        [
                            10.012303602563586,
                            53.5273788769731,
                            7.5
                        ],
                        [
                            10.01296909768855,
                            53.52810244065753,
                            7.5
                        ]
                    ]
                ]
            }
        },
        {
            "type": "Feature",
            "properties": {
                "id": null,
                "AOG": null,
                "GFK": null,
                "WGF": null,
                "area_planning_type": "unknown land use type",
                "building_height": 23.9,
                "building_id": "G59",
                "elevation_at_bottom": 5,
                "floor_area": 7990.01,
                "land_use_detailed_type": "commercialOffice",
                "land_use_suggested": "- to be defined -",
                "number_of_stories": 3,
                "city_scope_id": "B-59"
            },
            "geometry": {
                "type": "Polygon",
                "coordinates": [
                    [
                        [
                            10.012238353855702,
                            53.52730793954479,
                            5
                        ],
                        [
                            10.012860074476707,
                            53.527104915532334,
                            5
                        ],
                        [
                            10.011627699435756,
                            53.52576495214622,
                            5
                        ],
                        [
                            10.011005992377848,
                            53.525967969731944,
                            5
                        ],
                        [
                            10.012238353855702,
                            53.52730793954479,
                            5
                        ]
                    ]
                ]
            }
        },
        {
            "type": "Feature",
            "properties": {
                "id": null,
                "AOG": null,
                "GFK": null,
                "WGF": null,
                "area_planning_type": "unknown land use type",
                "building_height": 19.7,
                "building_id": "G60",
                "elevation_at_bottom": 5,
                "floor_area": 7942.99,
                "land_use_detailed_type": "to be defined",
                "land_use_suggested": "- to be defined -",
                "number_of_stories": 2,
                "city_scope_id": "B-60"
            },
            "geometry": {
                "type": "Polygon",
                "coordinates": [
                    [
                        [
                            10.010947995785205,
                            53.52590491658985,
                            5
                        ],
                        [
                            10.011569702204943,
                            53.52570189930656,
                            5
                        ],
                        [
                            10.01034465640258,
                            53.52436980700336,
                            5
                        ],
                        [
                            10.009722963465965,
                            53.524572817898274,
                            5
                        ],
                        [
                            10.010947995785205,
                            53.52590491658985,
                            5
                        ]
                    ]
                ]
            }
        },
        {
            "type": "Feature",
            "properties": {
                "id": null,
                "AOG": null,
                "GFK": null,
                "WGF": null,
                "area_planning_type": "unknown land use type",
                "building_height": 40.7,
                "building_id": "G61",
                "elevation_at_bottom": 5,
                "floor_area": 704.64,
                "land_use_detailed_type": "to be defined",
                "land_use_suggested": "- to be defined -",
                "number_of_stories": 7,
                "city_scope_id": "B-61"
            },
            "geometry": {
                "type": "Polygon",
                "coordinates": [
                    [
                        [
                            10.018723221800686,
                            53.52996098311467,
                            5
                        ],
                        [
                            10.018796693888445,
                            53.52993076518286,
                            5
                        ],
                        [
                            10.018401552548058,
                            53.52950125505809,
                            5
                        ],
                        [
                            10.01815229054531,
                            53.52960382140881,
                            5
                        ],
                        [
                            10.018723221800686,
                            53.52996098311467,
                            5
                        ]
                    ]
                ]
            }
        },
        {
            "type": "Feature",
            "properties": {
                "id": null,
                "AOG": null,
                "GFK": null,
                "WGF": null,
                "area_planning_type": "unknown land use type",
                "building_height": 36.5,
                "building_id": "G62",
                "elevation_at_bottom": 5,
                "floor_area": 4800,
                "land_use_detailed_type": "to be defined",
                "land_use_suggested": "- to be defined -",
                "number_of_stories": 7,
                "city_scope_id": "B-62"
            },
            "geometry": {
                "type": "Polygon",
                "coordinates": [
                    [
                        [
                            10.016732328553603,
                            53.527686729954134,
                            5
                        ],
                        [
                            10.01641485024234,
                            53.527790412141755,
                            5
                        ],
                        [
                            10.01785780896312,
                            53.529357071481805,
                            5
                        ],
                        [
                            10.018192319310193,
                            53.52927188375786,
                            5
                        ],
                        [
                            10.016732328553603,
                            53.527686729954134,
                            5
                        ]
                    ]
                ]
            }
        },
        {
            "type": "Feature",
            "properties": {
                "id": null,
                "AOG": null,
                "GFK": null,
                "WGF": null,
                "area_planning_type": "unknown land use type",
                "building_height": 40.7,
                "building_id": "G63",
                "elevation_at_bottom": 5,
                "floor_area": 1241.02,
                "land_use_detailed_type": "to be defined",
                "land_use_suggested": "- to be defined -",
                "number_of_stories": 7,
                "city_scope_id": "B-63"
            },
            "geometry": {
                "type": "Polygon",
                "coordinates": [
                    [
                        [
                            10.016127004049876,
                            53.52740268930967,
                            5
                        ],
                        [
                            10.016351882602477,
                            53.52732925214054,
                            5
                        ],
                        [
                            10.015822626949992,
                            53.52675387561115,
                            5
                        ],
                        [
                            10.015597750718719,
                            53.52682732076912,
                            5
                        ],
                        [
                            10.016127004049876,
                            53.52740268930967,
                            5
                        ]
                    ]
                ]
            }
        },
        {
            "type": "Feature",
            "properties": {
                "id": null,
                "AOG": null,
                "GFK": null,
                "WGF": null,
                "area_planning_type": "unknown land use type",
                "building_height": 40.7,
                "building_id": "G64",
                "elevation_at_bottom": 5,
                "floor_area": 1709.95,
                "land_use_detailed_type": "to be defined",
                "land_use_suggested": "- to be defined -",
                "number_of_stories": 7,
                "city_scope_id": "B-64"
            },
            "geometry": {
                "type": "Polygon",
                "coordinates": [
                    [
                        [
                            10.015463434230112,
                            53.526625183350184,
                            5
                        ],
                        [
                            10.015701527165058,
                            53.5265474282797,
                            5
                        ],
                        [
                            10.015012794045756,
                            53.52579864680568,
                            5
                        ],
                        [
                            10.01477470401294,
                            53.525876400500636,
                            5
                        ],
                        [
                            10.015463434230112,
                            53.526625183350184,
                            5
                        ]
                    ]
                ]
            }
        },
        {
            "type": "Feature",
            "properties": {
                "id": null,
                "AOG": null,
                "GFK": null,
                "WGF": null,
                "area_planning_type": "unknown land use type",
                "building_height": 40.7,
                "building_id": "G65",
                "elevation_at_bottom": 5,
                "floor_area": 2592.53,
                "land_use_detailed_type": "to be defined",
                "land_use_suggested": "- to be defined -",
                "number_of_stories": 7,
                "city_scope_id": "B-65"
            },
            "geometry": {
                "type": "Polygon",
                "coordinates": [
                    [
                        [
                            10.014457130960604,
                            53.52576489860591,
                            5
                        ],
                        [
                            10.01486057803836,
                            53.52563313819909,
                            5
                        ],
                        [
                            10.014244356000154,
                            53.52496317299186,
                            5
                        ],
                        [
                            10.013840928404411,
                            53.52509493118538,
                            5
                        ],
                        [
                            10.014457130960604,
                            53.52576489860591,
                            5
                        ]
                    ]
                ]
            }
        },
        {
            "type": "Feature",
            "properties": {
                "id": null,
                "AOG": null,
                "GFK": null,
                "WGF": null,
                "area_planning_type": "unknown land use type",
                "building_height": 40.7,
                "building_id": "G66",
                "elevation_at_bottom": 5,
                "floor_area": 2165.47,
                "land_use_detailed_type": "to be defined",
                "land_use_suggested": "- to be defined -",
                "number_of_stories": 7,
                "city_scope_id": "B-66"
            },
            "geometry": {
                "type": "Polygon",
                "coordinates": [
                    [
                        [
                            10.0136959520914,
                            53.52493728805215,
                            5
                        ],
                        [
                            10.014099378866533,
                            53.52480553933646,
                            5
                        ],
                        [
                            10.013584681218306,
                            53.52424591306608,
                            5
                        ],
                        [
                            10.01318125833284,
                            53.524377669027224,
                            5
                        ],
                        [
                            10.0136959520914,
                            53.52493728805215,
                            5
                        ]
                    ]
                ]
            }
        },
        {
            "type": "Feature",
            "properties": {
                "id": null,
                "AOG": null,
                "GFK": null,
                "WGF": null,
                "area_planning_type": "unknown land use type",
                "building_height": 44.9,
                "building_id": "G67",
                "elevation_at_bottom": 7.5,
                "floor_area": 5090.03,
                "land_use_detailed_type": "to be defined",
                "land_use_suggested": "- to be defined -",
                "number_of_stories": 8,
                "city_scope_id": "B-67"
            },
            "geometry": {
                "type": "Polygon",
                "coordinates": [
                    [
                        [
                            10.020299286122173,
                            53.53187358075517,
                            0
                        ],
                        [
                            10.02029928739186,
                            53.531873580301706,
                            0
                        ],
                        [
                            10.020299288580835,
                            53.531873579776274,
                            0
                        ],
                        [
                            10.020299289677654,
                            53.53187357918395,
                            0
                        ],
                        [
                            10.020299290671753,
                            53.53187357853044,
                            0
                        ],
                        [
                            10.020299291553563,
                            53.53187357782201,
                            0
                        ],
                        [
                            10.02029929231459,
                            53.53187357706551,
                            0
                        ],
                        [
                            10.02029929294751,
                            53.531873576268204,
                            0
                        ],
                        [
                            10.020299293446223,
                            53.53187357543779,
                            0
                        ],
                        [
                            10.020299293805932,
                            53.531873574582264,
                            0
                        ],
                        [
                            10.020299294023173,
                            53.531873573709845,
                            0
                        ],
                        [
                            10.020299294095853,
                            53.531873572828935,
                            0
                        ],
                        [
                            10.020299294023273,
                            53.53187357194801,
                            0
                        ],
                        [
                            10.020299293806127,
                            53.531873571075586,
                            0
                        ],
                        [
                            10.020299293446515,
                            53.531873570220036,
                            0
                        ],
                        [
                            10.02029929294789,
                            53.53187356938959,
                            0
                        ],
                        [
                            10.020299292315062,
                            53.531873568592275,
                            0
                        ],
                        [
                            10.01933152293382,
                            53.53079461616817,
                            0
                        ],
                        [
                            10.019331522165219,
                            53.53079461540478,
                            0
                        ],
                        [
                            10.019331521273644,
                            53.53079461469043,
                            0
                        ],
                        [
                            10.019331520267837,
                            53.53079461403214,
                            0
                        ],
                        [
                            10.019331519157667,
                            53.53079461343635,
                            0
                        ],
                        [
                            10.019331517954026,
                            53.53079461290893,
                            0
                        ],
                        [
                            10.019331516668718,
                            53.53079461245501,
                            0
                        ],
                        [
                            10.019331515314352,
                            53.530794612079085,
                            0
                        ],
                        [
                            10.019331513904211,
                            53.53079461178481,
                            0
                        ],
                        [
                            10.019331512452133,
                            53.53079461157511,
                            0
                        ],
                        [
                            10.019331510972364,
                            53.53079461145202,
                            0
                        ],
                        [
                            10.01933150947941,
                            53.53079461141676,
                            0
                        ],
                        [
                            10.019331507987921,
                            53.53079461146963,
                            0
                        ],
                        [
                            10.01933150651253,
                            53.530794611610176,
                            0
                        ],
                        [
                            10.01933150506771,
                            53.530794611836974,
                            0
                        ],
                        [
                            10.01933150366763,
                            53.53079461214781,
                            0
                        ],
                        [
                            10.019331502326027,
                            53.53079461253966,
                            0
                        ],
                        [
                            10.019331501056058,
                            53.530794613008624,
                            0
                        ],
                        [
                            10.019269038680903,
                            53.53082031480059,
                            0
                        ],
                        [
                            10.01926903868083,
                            53.530820314800614,
                            0
                        ],
                        [
                            10.01926903868078,
                            53.53082031480063,
                            0
                        ],
                        [
                            10.018856749331352,
                            53.530989964098126,
                            0
                        ],
                        [
                            10.018856748167805,
                            53.530989964628404,
                            0
                        ],
                        [
                            10.018856747096066,
                            53.53098996522343,
                            0
                        ],
                        [
                            10.018856746126247,
                            53.53098996587756,
                            0
                        ],
                        [
                            10.018856745267483,
                            53.530989966584656,
                            0
                        ],
                        [
                            10.018856744527882,
                            53.530989967338044,
                            0
                        ],
                        [
                            10.018856743914414,
                            53.53098996813065,
                            0
                        ],
                        [
                            10.018856743432861,
                            53.530989968954934,
                            0
                        ],
                        [
                            10.01885674308777,
                            53.53098996980318,
                            0
                        ],
                        [
                            10.018856742882388,
                            53.53098997066735,
                            0
                        ],
                        [
                            10.018856742818658,
                            53.53098997153932,
                            0
                        ],
                        [
                            10.018856742897174,
                            53.53098997241087,
                            0
                        ],
                        [
                            10.018856743117206,
                            53.530989973273776,
                            0
                        ],
                        [
                            10.018856743476668,
                            53.53098997411989,
                            0
                        ],
                        [
                            10.01885674397218,
                            53.53098997494124,
                            0
                        ],
                        [
                            10.018856744599058,
                            53.53098997573009,
                            0
                        ],
                        [
                            10.01979367128832,
                            53.53203456021642,
                            0
                        ],
                        [
                            10.019793672049328,
                            53.53203456097302,
                            0
                        ],
                        [
                            10.019793672931142,
                            53.53203456168153,
                            0
                        ],
                        [
                            10.019793673925271,
                            53.53203456233514,
                            0
                        ],
                        [
                            10.019793675022143,
                            53.53203456292754,
                            0
                        ],
                        [
                            10.019793676211195,
                            53.532034563453045,
                            0
                        ],
                        [
                            10.019793677480973,
                            53.53203456390658,
                            0
                        ],
                        [
                            10.019793678819248,
                            53.53203456428378,
                            0
                        ],
                        [
                            10.019793680213136,
                            53.53203456458099,
                            0
                        ],
                        [
                            10.01979368164921,
                            53.53203456479539,
                            0
                        ],
                        [
                            10.019793683113642,
                            53.53203456492491,
                            0
                        ],
                        [
                            10.019793684592324,
                            53.53203456496825,
                            0
                        ],
                        [
                            10.019793686071022,
                            53.53203456492505,
                            0
                        ],
                        [
                            10.019793687535492,
                            53.53203456479571,
                            0
                        ],
                        [
                            10.01979368897163,
                            53.53203456458147,
                            0
                        ],
                        [
                            10.019793690365606,
                            53.53203456428438,
                            0
                        ],
                        [
                            10.019793691703999,
                            53.53203456390734,
                            0
                        ],
                        [
                            10.02023276130985,
                            53.531894769253036,
                            0
                        ],
                        [
                            10.020232761310819,
                            53.53189476925271,
                            0
                        ],
                        [
                            10.020232761311819,
                            53.531894769252425,
                            0
                        ],
                        [
                            10.020299286122173,
                            53.53187358075517,
                            0
                        ]
                    ]
                ]
            }
        },
        {
            "type": "Feature",
            "properties": {
                "id": "0",
                "AOG": 10,
                "GFK": 2000,
                "WGF": null,
                "area_planning_type": "building",
                "building_height": 15.5,
                "building_id": "G42",
                "elevation_at_bottom": 10,
                "floor_area": 836.24,
                "land_use_detailed_type": "commercialOffice",
                "land_use_suggested": "- to be defined -",
                "number_of_stories": 10,
                "city_scope_id": "B-42"
            },
            "geometry": {
                "type": "Polygon",
                "coordinates": [
                    [
                        [
                            10.0183714366982,
                            53.531373802994615,
                            10
                        ],
                        [
                            10.018701758112705,
                            53.53174208374598,
                            10
                        ],
                        [
                            10.018941252586027,
                            53.53166582958311,
                            10
                        ],
                        [
                            10.018610929704302,
                            53.53129754949564,
                            10
                        ],
                        [
                            10.0183714366982,
                            53.531373802994615,
                            10
                        ]
                    ]
                ]
            }
        },
        {
            "type": "Feature",
            "properties": {
                "id": null,
                "AOG": 12,
                "GFK": 3065,
                "WGF": null,
                "area_planning_type": "building",
                "building_height": 50.7,
                "building_id": "G41",
                "elevation_at_bottom": 10,
                "floor_area": 1024.95,
                "land_use_detailed_type": "specialUse",
                "land_use_suggested": "daycare",
                "number_of_stories": 12,
                "city_scope_id": "B-41"
            },
            "geometry": {
                "type": "Polygon",
                "coordinates": [
                    [
                        [
                            10.017992292368726,
                            53.53215140128571,
                            10
                        ],
                        [
                            10.018749909020567,
                            53.53191019102998,
                            10
                        ],
                        [
                            10.01862192140121,
                            53.53176750173719,
                            10
                        ],
                        [
                            10.0178643063322,
                            53.532008702192,
                            10
                        ],
                        [
                            10.017992292368726,
                            53.53215140128571,
                            10
                        ]
                    ]
                ]
            }
        },
        {
            "type": "Feature",
            "properties": {
                "id": null,
                "AOG": 7,
                "GFK": 2054,
                "WGF": null,
                "area_planning_type": "building",
                "building_height": 15.5,
                "building_id": "G48B",
                "elevation_at_bottom": 10,
                "floor_area": 649.99,
                "land_use_detailed_type": "commercialOffice",
                "land_use_suggested": "shop",
                "number_of_stories": 7,
                "city_scope_id": "B-48-B"
            },
            "geometry": {
                "type": "Polygon",
                "coordinates": [
                    [
                        [
                            10.01682817037023,
                            53.53015553739355,
                            10
                        ],
                        [
                            10.016704036261858,
                            53.530206616990284,
                            10
                        ],
                        [
                            10.017261253673704,
                            53.530687348722125,
                            10
                        ],
                        [
                            10.017385373633612,
                            53.53063627766311,
                            10
                        ],
                        [
                            10.01682817037023,
                            53.53015553739355,
                            10
                        ]
                    ]
                ]
            }
        }
    ]
}